{
  "0": {
    "Genre_0": [
      2407,
      3793,
      3354,
      260,
      442
    ],
    "Genre_1": [
      1233,
      3578,
      3418,
      2427,
      368
    ],
    "Genre_2": [
      3751,
      1,
      364,
      2987,
      1223
    ],
    "Genre_3": [
      383,
      2478,
      1266,
      266,
      590
    ],
    "Genre_4": [
      2693,
      3142,
      246,
      3865,
      162
    ],
    "Genre_5": [
      1081,
      2088,
      1088,
      1381,
      1288
    ],
    "Genre_6": [
      1179,
      1248,
      1617,
      1284,
      1252
    ],
    "Genre_7": [
      2,
      1259,
      455,
      3461,
      2871
    ],
    "Genre_8": [
      2384,
      317,
      34,
      3564,
      3396
    ],
    "Genre_9": [
      912,
      1299,
      1250,
      3949,
      3448
    ],
    "Genre_10": [
      3629,
      3893,
      1777,
      3507,
      1445
    ],
    "Genre_11": [
      1089,
      50,
      3896,
      2605,
      2769
    ],
    "Genre_12": [
      2212,
      1086,
      891,
      1219,
      2315
    ],
    "Genre_13": [
      1258,
      1997,
      1322,
      2710,
      1321
    ],
    "Genre_14": [
      2721,
      932,
      2340,
      28,
      1835
    ],
    "Genre_15": [
      3066,
      3339,
      3367,
      1927,
      2669
    ],
    "Genre_16": [
      1445,
      2088,
      1081,
      1086,
      455
    ],
    "Genre_17": [
      2583,
      950,
      2467,
      3896,
      3149
    ]
  },
  "1": {
    "Genre_0": [
      2407,
      3793,
      3354,
      260,
      442
    ],
    "Genre_1": [
      1233,
      3578,
      3418,
      2427,
      368
    ],
    "Genre_2": [
      3751,
      1,
      364,
      2987,
      1223
    ],
    "Genre_3": [
      383,
      2478,
      1266,
      266,
      590
    ],
    "Genre_4": [
      2693,
      3142,
      246,
      3865,
      162
    ],
    "Genre_5": [
      1081,
      2088,
      1088,
      1381,
      1288
    ],
    "Genre_6": [
      1179,
      1248,
      1617,
      1284,
      1252
    ],
    "Genre_7": [
      2,
      1259,
      455,
      3461,
      2871
    ],
    "Genre_8": [
      2384,
      317,
      34,
      3564,
      3396
    ],
    "Genre_9": [
      912,
      1299,
      1250,
      3949,
      3448
    ],
    "Genre_10": [
      3629,
      3893,
      1777,
      3507,
      1445
    ],
    "Genre_11": [
      1089,
      50,
      3896,
      2605,
      2769
    ],
    "Genre_12": [
      2212,
      1086,
      891,
      1219,
      2315
    ],
    "Genre_13": [
      1258,
      1997,
      1322,
      2710,
      1321
    ],
    "Genre_14": [
      2721,
      932,
      2340,
      28,
      1835
    ],
    "Genre_15": [
      3066,
      3339,
      3367,
      1927,
      2669
    ],
    "Genre_16": [
      1445,
      2088,
      1081,
      1086,
      455
    ],
    "Genre_17": [
      2583,
      950,
      2467,
      3896,
      3149
    ]
  },
  "2": {
    "Genre_0": [
      2407,
      3793,
      3354,
      260,
      442
    ],
    "Genre_1": [
      1233,
      3578,
      3418,
      2427,
      368
    ],
    "Genre_2": [
      3751,
      1,
      364,
      2987,
      1223
    ],
    "Genre_3": [
      383,
      2478,
      1266,
      266,
      590
    ],
    "Genre_4": [
      2693,
      3142,
      246,
      3865,
      162
    ],
    "Genre_5": [
      1081,
      2088,
      1088,
      1381,
      1288
    ],
    "Genre_6": [
      1179,
      1248,
      1617,
      1284,
      1252
    ],
    "Genre_7": [
      2,
      1259,
      455,
      3461,
      2871
    ],
    "Genre_8": [
      2384,
      317,
      34,
      3564,
      3396
    ],
    "Genre_9": [
      912,
      1299,
      1250,
      3949,
      3448
    ],
    "Genre_10": [
      3629,
      3893,
      1777,
      3507,
      1445
    ],
    "Genre_11": [
      1089,
      50,
      3896,
      2605,
      2769
    ],
    "Genre_12": [
      2212,
      1086,
      891,
      1219,
      2315
    ],
    "Genre_13": [
      1258,
      1997,
      1322,
      2710,
      1321
    ],
    "Genre_14": [
      2721,
      932,
      2340,
      28,
      1835
    ],
    "Genre_15": [
      3066,
      3339,
      3367,
      1927,
      2669
    ],
    "Genre_16": [
      1445,
      2088,
      1081,
      1086,
      455
    ],
    "Genre_17": [
      2583,
      950,
      2467,
      3896,
      3149
    ]
  },
  "3": {
    "Genre_0": [
      2407,
      3793,
      3354,
      260,
      442
    ],
    "Genre_1": [
      1233,
      3578,
      3418,
      2427,
      368
    ],
    "Genre_2": [
      3751,
      1,
      364,
      2987,
      1223
    ],
    "Genre_3": [
      383,
      2478,
      1266,
      266,
      590
    ],
    "Genre_4": [
      2693,
      3142,
      246,
      3865,
      162
    ],
    "Genre_5": [
      1081,
      2088,
      1088,
      1381,
      1288
    ],
    "Genre_6": [
      1179,
      1248,
      1617,
      1284,
      1252
    ],
    "Genre_7": [
      2,
      1259,
      455,
      3461,
      2871
    ],
    "Genre_8": [
      2384,
      317,
      34,
      3564,
      3396
    ],
    "Genre_9": [
      912,
      1299,
      1250,
      3949,
      3448
    ],
    "Genre_10": [
      3629,
      3893,
      1777,
      3507,
      1445
    ],
    "Genre_11": [
      1089,
      50,
      3896,
      2605,
      2769
    ],
    "Genre_12": [
      2212,
      1086,
      891,
      1219,
      2315
    ],
    "Genre_13": [
      1258,
      1997,
      1322,
      2710,
      1321
    ],
    "Genre_14": [
      2721,
      932,
      2340,
      28,
      1835
    ],
    "Genre_15": [
      3066,
      3339,
      3367,
      1927,
      2669
    ],
    "Genre_16": [
      1445,
      2088,
      1081,
      1086,
      455
    ],
    "Genre_17": [
      2583,
      950,
      2467,
      3896,
      3149
    ]
  },
  "4": {
    "Genre_0": [
      2407,
      3793,
      3354,
      260,
      442
    ],
    "Genre_1": [
      1233,
      3578,
      3418,
      2427,
      368
    ],
    "Genre_2": [
      3751,
      1,
      364,
      2987,
      1223
    ],
    "Genre_3": [
      383,
      2478,
      1266,
      266,
      590
    ],
    "Genre_4": [
      2693,
      3142,
      246,
      3865,
      162
    ],
    "Genre_5": [
      1081,
      2088,
      1088,
      1381,
      1288
    ],
    "Genre_6": [
      1179,
      1248,
      1617,
      1284,
      1252
    ],
    "Genre_7": [
      2,
      1259,
      455,
      3461,
      2871
    ],
    "Genre_8": [
      2384,
      317,
      34,
      3564,
      3396
    ],
    "Genre_9": [
      912,
      1299,
      1250,
      3949,
      3448
    ],
    "Genre_10": [
      3629,
      3893,
      1777,
      3507,
      1445
    ],
    "Genre_11": [
      1089,
      50,
      3896,
      2605,
      2769
    ],
    "Genre_12": [
      2212,
      1086,
      891,
      1219,
      2315
    ],
    "Genre_13": [
      1258,
      1997,
      1322,
      2710,
      1321
    ],
    "Genre_14": [
      2721,
      932,
      2340,
      28,
      1835
    ],
    "Genre_15": [
      3066,
      3339,
      3367,
      1927,
      2669
    ],
    "Genre_16": [
      1445,
      2088,
      1081,
      1086,
      455
    ],
    "Genre_17": [
      2583,
      950,
      2467,
      3896,
      3149
    ]
  },
  "5": {
    "Genre_0": [
      2407,
      3793,
      3354,
      260,
      442
    ],
    "Genre_1": [
      1233,
      3578,
      3418,
      2427,
      368
    ],
    "Genre_2": [
      3751,
      1,
      364,
      2987,
      1223
    ],
    "Genre_3": [
      383,
      2478,
      1266,
      266,
      590
    ],
    "Genre_4": [
      2693,
      3142,
      246,
      3865,
      162
    ],
    "Genre_5": [
      1081,
      2088,
      1088,
      1381,
      1288
    ],
    "Genre_6": [
      1179,
      1248,
      1617,
      1284,
      1252
    ],
    "Genre_7": [
      2,
      1259,
      455,
      3461,
      2871
    ],
    "Genre_8": [
      2384,
      317,
      34,
      3564,
      3396
    ],
    "Genre_9": [
      912,
      1299,
      1250,
      3949,
      3448
    ],
    "Genre_10": [
      3629,
      3893,
      1777,
      3507,
      1445
    ],
    "Genre_11": [
      1089,
      50,
      3896,
      2605,
      2769
    ],
    "Genre_12": [
      2212,
      1086,
      891,
      1219,
      2315
    ],
    "Genre_13": [
      1258,
      1997,
      1322,
      2710,
      1321
    ],
    "Genre_14": [
      2721,
      932,
      2340,
      28,
      1835
    ],
    "Genre_15": [
      3066,
      3339,
      3367,
      1927,
      2669
    ],
    "Genre_16": [
      1445,
      2088,
      1081,
      1086,
      455
    ],
    "Genre_17": [
      2583,
      950,
      2467,
      3896,
      3149
    ]
  },
  "6": {
    "Genre_0": [
      2407,
      3793,
      3354,
      260,
      442
    ],
    "Genre_1": [
      1233,
      3578,
      3418,
      2427,
      368
    ],
    "Genre_2": [
      3751,
      1,
      364,
      2987,
      1223
    ],
    "Genre_3": [
      383,
      2478,
      1266,
      266,
      590
    ],
    "Genre_4": [
      2693,
      3142,
      246,
      3865,
      162
    ],
    "Genre_5": [
      1081,
      2088,
      1088,
      1381,
      1288
    ],
    "Genre_6": [
      1179,
      1248,
      1617,
      1284,
      1252
    ],
    "Genre_7": [
      2,
      1259,
      455,
      3461,
      2871
    ],
    "Genre_8": [
      2384,
      317,
      34,
      3564,
      3396
    ],
    "Genre_9": [
      912,
      1299,
      1250,
      3949,
      3448
    ],
    "Genre_10": [
      3629,
      3893,
      1777,
      3507,
      1445
    ],
    "Genre_11": [
      1089,
      50,
      3896,
      2605,
      2769
    ],
    "Genre_12": [
      2212,
      1086,
      891,
      1219,
      2315
    ],
    "Genre_13": [
      1258,
      1997,
      1322,
      2710,
      1321
    ],
    "Genre_14": [
      2721,
      932,
      2340,
      28,
      1835
    ],
    "Genre_15": [
      3066,
      3339,
      3367,
      1927,
      2669
    ],
    "Genre_16": [
      1445,
      2088,
      1081,
      1086,
      455
    ],
    "Genre_17": [
      2583,
      950,
      2467,
      3896,
      3149
    ]
  },
  "7": {
    "Genre_0": [
      2407,
      3793,
      3354,
      260,
      442
    ],
    "Genre_1": [
      1233,
      3578,
      3418,
      2427,
      368
    ],
    "Genre_2": [
      3751,
      1,
      364,
      2987,
      1223
    ],
    "Genre_3": [
      383,
      2478,
      1266,
      266,
      590
    ],
    "Genre_4": [
      2693,
      3142,
      246,
      3865,
      162
    ],
    "Genre_5": [
      1081,
      2088,
      1088,
      1381,
      1288
    ],
    "Genre_6": [
      1179,
      1248,
      1617,
      1284,
      1252
    ],
    "Genre_7": [
      2,
      1259,
      455,
      3461,
      2871
    ],
    "Genre_8": [
      2384,
      317,
      34,
      3564,
      3396
    ],
    "Genre_9": [
      912,
      1299,
      1250,
      3949,
      3448
    ],
    "Genre_10": [
      3629,
      3893,
      1777,
      3507,
      1445
    ],
    "Genre_11": [
      1089,
      50,
      3896,
      2605,
      2769
    ],
    "Genre_12": [
      2212,
      1086,
      891,
      1219,
      2315
    ],
    "Genre_13": [
      1258,
      1997,
      1322,
      2710,
      1321
    ],
    "Genre_14": [
      2721,
      932,
      2340,
      28,
      1835
    ],
    "Genre_15": [
      3066,
      3339,
      3367,
      1927,
      2669
    ],
    "Genre_16": [
      1445,
      2088,
      1081,
      1086,
      455
    ],
    "Genre_17": [
      2583,
      950,
      2467,
      3896,
      3149
    ]
  },
  "8": {
    "Genre_0": [
      2407,
      3793,
      3354,
      260,
      442
    ],
    "Genre_1": [
      1233,
      3578,
      3418,
      2427,
      368
    ],
    "Genre_2": [
      3751,
      1,
      364,
      2987,
      1223
    ],
    "Genre_3": [
      383,
      2478,
      1266,
      266,
      590
    ],
    "Genre_4": [
      2693,
      3142,
      246,
      3865,
      162
    ],
    "Genre_5": [
      1081,
      2088,
      1088,
      1381,
      1288
    ],
    "Genre_6": [
      1179,
      1248,
      1617,
      1284,
      1252
    ],
    "Genre_7": [
      2,
      1259,
      455,
      3461,
      2871
    ],
    "Genre_8": [
      2384,
      317,
      34,
      3564,
      3396
    ],
    "Genre_9": [
      912,
      1299,
      1250,
      3949,
      3448
    ],
    "Genre_10": [
      3629,
      3893,
      1777,
      3507,
      1445
    ],
    "Genre_11": [
      1089,
      50,
      3896,
      2605,
      2769
    ],
    "Genre_12": [
      2212,
      1086,
      891,
      1219,
      2315
    ],
    "Genre_13": [
      1258,
      1997,
      1322,
      2710,
      1321
    ],
    "Genre_14": [
      2721,
      932,
      2340,
      28,
      1835
    ],
    "Genre_15": [
      3066,
      3339,
      3367,
      1927,
      2669
    ],
    "Genre_16": [
      1445,
      2088,
      1081,
      1086,
      455
    ],
    "Genre_17": [
      2583,
      950,
      2467,
      3896,
      3149
    ]
  },
  "9": {
    "Genre_0": [
      2407,
      3793,
      3354,
      260,
      442
    ],
    "Genre_1": [
      1233,
      3578,
      3418,
      2427,
      368
    ],
    "Genre_2": [
      3751,
      1,
      364,
      2987,
      1223
    ],
    "Genre_3": [
      383,
      2478,
      1266,
      266,
      590
    ],
    "Genre_4": [
      2693,
      3142,
      246,
      3865,
      162
    ],
    "Genre_5": [
      1081,
      2088,
      1088,
      1381,
      1288
    ],
    "Genre_6": [
      1179,
      1248,
      1617,
      1284,
      1252
    ],
    "Genre_7": [
      2,
      1259,
      455,
      3461,
      2871
    ],
    "Genre_8": [
      2384,
      317,
      34,
      3564,
      3396
    ],
    "Genre_9": [
      912,
      1299,
      1250,
      3949,
      3448
    ],
    "Genre_10": [
      3629,
      3893,
      1777,
      3507,
      1445
    ],
    "Genre_11": [
      1089,
      50,
      3896,
      2605,
      2769
    ],
    "Genre_12": [
      2212,
      1086,
      891,
      1219,
      2315
    ],
    "Genre_13": [
      1258,
      1997,
      1322,
      2710,
      1321
    ],
    "Genre_14": [
      2721,
      932,
      2340,
      28,
      1835
    ],
    "Genre_15": [
      3066,
      3339,
      3367,
      1927,
      2669
    ],
    "Genre_16": [
      1445,
      2088,
      1081,
      1086,
      455
    ],
    "Genre_17": [
      2583,
      950,
      2467,
      3896,
      3149
    ]
  },
  "10": {
    "Genre_0": [
      2407,
      3793,
      3354,
      260,
      442
    ],
    "Genre_1": [
      1233,
      3578,
      3418,
      2427,
      368
    ],
    "Genre_2": [
      3751,
      1,
      364,
      2987,
      1223
    ],
    "Genre_3": [
      383,
      2478,
      1266,
      266,
      590
    ],
    "Genre_4": [
      2693,
      3142,
      246,
      3865,
      162
    ],
    "Genre_5": [
      1081,
      2088,
      1088,
      1381,
      1288
    ],
    "Genre_6": [
      1179,
      1248,
      1617,
      1284,
      1252
    ],
    "Genre_7": [
      2,
      1259,
      455,
      3461,
      2871
    ],
    "Genre_8": [
      2384,
      317,
      34,
      3564,
      3396
    ],
    "Genre_9": [
      912,
      1299,
      1250,
      3949,
      3448
    ],
    "Genre_10": [
      3629,
      3893,
      1777,
      3507,
      1445
    ],
    "Genre_11": [
      1089,
      50,
      3896,
      2605,
      2769
    ],
    "Genre_12": [
      2212,
      1086,
      891,
      1219,
      2315
    ],
    "Genre_13": [
      1258,
      1997,
      1322,
      2710,
      1321
    ],
    "Genre_14": [
      2721,
      932,
      2340,
      28,
      1835
    ],
    "Genre_15": [
      3066,
      3339,
      3367,
      1927,
      2669
    ],
    "Genre_16": [
      1445,
      2088,
      1081,
      1086,
      455
    ],
    "Genre_17": [
      2583,
      950,
      2467,
      3896,
      3149
    ]
  },
  "11": {
    "Genre_0": [
      2407,
      3793,
      3354,
      260,
      442
    ],
    "Genre_1": [
      1233,
      3578,
      3418,
      2427,
      368
    ],
    "Genre_2": [
      3751,
      1,
      364,
      2987,
      1223
    ],
    "Genre_3": [
      383,
      2478,
      1266,
      266,
      590
    ],
    "Genre_4": [
      2693,
      3142,
      246,
      3865,
      162
    ],
    "Genre_5": [
      1081,
      2088,
      1088,
      1381,
      1288
    ],
    "Genre_6": [
      1179,
      1248,
      1617,
      1284,
      1252
    ],
    "Genre_7": [
      2,
      1259,
      455,
      3461,
      2871
    ],
    "Genre_8": [
      2384,
      317,
      34,
      3564,
      3396
    ],
    "Genre_9": [
      912,
      1299,
      1250,
      3949,
      3448
    ],
    "Genre_10": [
      3629,
      3893,
      1777,
      3507,
      1445
    ],
    "Genre_11": [
      1089,
      50,
      3896,
      2605,
      2769
    ],
    "Genre_12": [
      2212,
      1086,
      891,
      1219,
      2315
    ],
    "Genre_13": [
      1258,
      1997,
      1322,
      2710,
      1321
    ],
    "Genre_14": [
      2721,
      932,
      2340,
      28,
      1835
    ],
    "Genre_15": [
      3066,
      3339,
      3367,
      1927,
      2669
    ],
    "Genre_16": [
      1445,
      2088,
      1081,
      1086,
      455
    ],
    "Genre_17": [
      2583,
      950,
      2467,
      3896,
      3149
    ]
  },
  "12": {
    "Genre_0": [
      2407,
      3793,
      3354,
      260,
      442
    ],
    "Genre_1": [
      1233,
      3578,
      3418,
      2427,
      368
    ],
    "Genre_2": [
      3751,
      1,
      364,
      2987,
      1223
    ],
    "Genre_3": [
      383,
      2478,
      1266,
      266,
      590
    ],
    "Genre_4": [
      2693,
      3142,
      246,
      3865,
      162
    ],
    "Genre_5": [
      1081,
      2088,
      1088,
      1381,
      1288
    ],
    "Genre_6": [
      1179,
      1248,
      1617,
      1284,
      1252
    ],
    "Genre_7": [
      2,
      1259,
      455,
      3461,
      2871
    ],
    "Genre_8": [
      2384,
      317,
      34,
      3564,
      3396
    ],
    "Genre_9": [
      912,
      1299,
      1250,
      3949,
      3448
    ],
    "Genre_10": [
      3629,
      3893,
      1777,
      3507,
      1445
    ],
    "Genre_11": [
      1089,
      50,
      3896,
      2605,
      2769
    ],
    "Genre_12": [
      2212,
      1086,
      891,
      1219,
      2315
    ],
    "Genre_13": [
      1258,
      1997,
      1322,
      2710,
      1321
    ],
    "Genre_14": [
      2721,
      932,
      2340,
      28,
      1835
    ],
    "Genre_15": [
      3066,
      3339,
      3367,
      1927,
      2669
    ],
    "Genre_16": [
      1445,
      2088,
      1081,
      1086,
      455
    ],
    "Genre_17": [
      2583,
      950,
      2467,
      3896,
      3149
    ]
  },
  "13": {
    "Genre_0": [
      2407,
      3793,
      3354,
      260,
      442
    ],
    "Genre_1": [
      1233,
      3578,
      3418,
      2427,
      368
    ],
    "Genre_2": [
      3751,
      1,
      364,
      2987,
      1223
    ],
    "Genre_3": [
      383,
      2478,
      1266,
      266,
      590
    ],
    "Genre_4": [
      2693,
      3142,
      246,
      3865,
      162
    ],
    "Genre_5": [
      1081,
      2088,
      1088,
      1381,
      1288
    ],
    "Genre_6": [
      1179,
      1248,
      1617,
      1284,
      1252
    ],
    "Genre_7": [
      2,
      1259,
      455,
      3461,
      2871
    ],
    "Genre_8": [
      2384,
      317,
      34,
      3564,
      3396
    ],
    "Genre_9": [
      912,
      1299,
      1250,
      3949,
      3448
    ],
    "Genre_10": [
      3629,
      3893,
      1777,
      3507,
      1445
    ],
    "Genre_11": [
      1089,
      50,
      3896,
      2605,
      2769
    ],
    "Genre_12": [
      2212,
      1086,
      891,
      1219,
      2315
    ],
    "Genre_13": [
      1258,
      1997,
      1322,
      2710,
      1321
    ],
    "Genre_14": [
      2721,
      932,
      2340,
      28,
      1835
    ],
    "Genre_15": [
      3066,
      3339,
      3367,
      1927,
      2669
    ],
    "Genre_16": [
      1445,
      2088,
      1081,
      1086,
      455
    ],
    "Genre_17": [
      2583,
      950,
      2467,
      3896,
      3149
    ]
  },
  "14": {
    "Genre_0": [
      2407,
      3793,
      3354,
      260,
      442
    ],
    "Genre_1": [
      1233,
      3578,
      3418,
      2427,
      368
    ],
    "Genre_2": [
      3751,
      1,
      364,
      2987,
      1223
    ],
    "Genre_3": [
      383,
      2478,
      1266,
      266,
      590
    ],
    "Genre_4": [
      2693,
      3142,
      246,
      3865,
      162
    ],
    "Genre_5": [
      1081,
      2088,
      1088,
      1381,
      1288
    ],
    "Genre_6": [
      1179,
      1248,
      1617,
      1284,
      1252
    ],
    "Genre_7": [
      2,
      1259,
      455,
      3461,
      2871
    ],
    "Genre_8": [
      2384,
      317,
      34,
      3564,
      3396
    ],
    "Genre_9": [
      912,
      1299,
      1250,
      3949,
      3448
    ],
    "Genre_10": [
      3629,
      3893,
      1777,
      3507,
      1445
    ],
    "Genre_11": [
      1089,
      50,
      3896,
      2605,
      2769
    ],
    "Genre_12": [
      2212,
      1086,
      891,
      1219,
      2315
    ],
    "Genre_13": [
      1258,
      1997,
      1322,
      2710,
      1321
    ],
    "Genre_14": [
      2721,
      932,
      2340,
      28,
      1835
    ],
    "Genre_15": [
      3066,
      3339,
      3367,
      1927,
      2669
    ],
    "Genre_16": [
      1445,
      2088,
      1081,
      1086,
      455
    ],
    "Genre_17": [
      2583,
      950,
      2467,
      3896,
      3149
    ]
  },
  "15": {
    "Genre_0": [
      2407,
      3793,
      3354,
      260,
      442
    ],
    "Genre_1": [
      1233,
      3578,
      3418,
      2427,
      368
    ],
    "Genre_2": [
      3751,
      1,
      364,
      2987,
      1223
    ],
    "Genre_3": [
      383,
      2478,
      1266,
      266,
      590
    ],
    "Genre_4": [
      2693,
      3142,
      246,
      3865,
      162
    ],
    "Genre_5": [
      1081,
      2088,
      1088,
      1381,
      1288
    ],
    "Genre_6": [
      1179,
      1248,
      1617,
      1284,
      1252
    ],
    "Genre_7": [
      2,
      1259,
      455,
      3461,
      2871
    ],
    "Genre_8": [
      2384,
      317,
      34,
      3564,
      3396
    ],
    "Genre_9": [
      912,
      1299,
      1250,
      3949,
      3448
    ],
    "Genre_10": [
      3629,
      3893,
      1777,
      3507,
      1445
    ],
    "Genre_11": [
      1089,
      50,
      3896,
      2605,
      2769
    ],
    "Genre_12": [
      2212,
      1086,
      891,
      1219,
      2315
    ],
    "Genre_13": [
      1258,
      1997,
      1322,
      2710,
      1321
    ],
    "Genre_14": [
      2721,
      932,
      2340,
      28,
      1835
    ],
    "Genre_15": [
      3066,
      3339,
      3367,
      1927,
      2669
    ],
    "Genre_16": [
      1445,
      2088,
      1081,
      1086,
      455
    ],
    "Genre_17": [
      2583,
      950,
      2467,
      3896,
      3149
    ]
  },
  "16": {
    "Genre_0": [
      2407,
      3793,
      3354,
      260,
      442
    ],
    "Genre_1": [
      1233,
      3578,
      3418,
      2427,
      368
    ],
    "Genre_2": [
      3751,
      1,
      364,
      2987,
      1223
    ],
    "Genre_3": [
      383,
      2478,
      1266,
      266,
      590
    ],
    "Genre_4": [
      2693,
      3142,
      246,
      3865,
      162
    ],
    "Genre_5": [
      1081,
      2088,
      1088,
      1381,
      1288
    ],
    "Genre_6": [
      1179,
      1248,
      1617,
      1284,
      1252
    ],
    "Genre_7": [
      2,
      1259,
      455,
      3461,
      2871
    ],
    "Genre_8": [
      2384,
      317,
      34,
      3564,
      3396
    ],
    "Genre_9": [
      912,
      1299,
      1250,
      3949,
      3448
    ],
    "Genre_10": [
      3629,
      3893,
      1777,
      3507,
      1445
    ],
    "Genre_11": [
      1089,
      50,
      3896,
      2605,
      2769
    ],
    "Genre_12": [
      2212,
      1086,
      891,
      1219,
      2315
    ],
    "Genre_13": [
      1258,
      1997,
      1322,
      2710,
      1321
    ],
    "Genre_14": [
      2721,
      932,
      2340,
      28,
      1835
    ],
    "Genre_15": [
      3066,
      3339,
      3367,
      1927,
      2669
    ],
    "Genre_16": [
      1445,
      2088,
      1081,
      1086,
      455
    ],
    "Genre_17": [
      2583,
      950,
      2467,
      3896,
      3149
    ]
  },
  "17": {
    "Genre_0": [
      2407,
      3793,
      3354,
      260,
      442
    ],
    "Genre_1": [
      1233,
      3578,
      3418,
      2427,
      368
    ],
    "Genre_2": [
      3751,
      1,
      364,
      2987,
      1223
    ],
    "Genre_3": [
      383,
      2478,
      1266,
      266,
      590
    ],
    "Genre_4": [
      2693,
      3142,
      246,
      3865,
      162
    ],
    "Genre_5": [
      1081,
      2088,
      1088,
      1381,
      1288
    ],
    "Genre_6": [
      1179,
      1248,
      1617,
      1284,
      1252
    ],
    "Genre_7": [
      2,
      1259,
      455,
      3461,
      2871
    ],
    "Genre_8": [
      2384,
      317,
      34,
      3564,
      3396
    ],
    "Genre_9": [
      912,
      1299,
      1250,
      3949,
      3448
    ],
    "Genre_10": [
      3629,
      3893,
      1777,
      3507,
      1445
    ],
    "Genre_11": [
      1089,
      50,
      3896,
      2605,
      2769
    ],
    "Genre_12": [
      2212,
      1086,
      891,
      1219,
      2315
    ],
    "Genre_13": [
      1258,
      1997,
      1322,
      2710,
      1321
    ],
    "Genre_14": [
      2721,
      932,
      2340,
      28,
      1835
    ],
    "Genre_15": [
      3066,
      3339,
      3367,
      1927,
      2669
    ],
    "Genre_16": [
      1445,
      2088,
      1081,
      1086,
      455
    ],
    "Genre_17": [
      2583,
      950,
      2467,
      3896,
      3149
    ]
  },
  "18": {
    "Genre_0": [
      2407,
      3793,
      3354,
      260,
      442
    ],
    "Genre_1": [
      1233,
      3578,
      3418,
      2427,
      368
    ],
    "Genre_2": [
      3751,
      1,
      364,
      2987,
      1223
    ],
    "Genre_3": [
      383,
      2478,
      1266,
      266,
      590
    ],
    "Genre_4": [
      2693,
      3142,
      246,
      3865,
      162
    ],
    "Genre_5": [
      1081,
      2088,
      1088,
      1381,
      1288
    ],
    "Genre_6": [
      1179,
      1248,
      1617,
      1284,
      1252
    ],
    "Genre_7": [
      2,
      1259,
      455,
      3461,
      2871
    ],
    "Genre_8": [
      2384,
      317,
      34,
      3564,
      3396
    ],
    "Genre_9": [
      912,
      1299,
      1250,
      3949,
      3448
    ],
    "Genre_10": [
      3629,
      3893,
      1777,
      3507,
      1445
    ],
    "Genre_11": [
      1089,
      50,
      3896,
      2605,
      2769
    ],
    "Genre_12": [
      2212,
      1086,
      891,
      1219,
      2315
    ],
    "Genre_13": [
      1258,
      1997,
      1322,
      2710,
      1321
    ],
    "Genre_14": [
      2721,
      932,
      2340,
      28,
      1835
    ],
    "Genre_15": [
      3066,
      3339,
      3367,
      1927,
      2669
    ],
    "Genre_16": [
      1445,
      2088,
      1081,
      1086,
      455
    ],
    "Genre_17": [
      2583,
      950,
      2467,
      3896,
      3149
    ]
  },
  "19": {
    "Genre_0": [
      2407,
      3793,
      3354,
      260,
      442
    ],
    "Genre_1": [
      1233,
      3578,
      3418,
      2427,
      368
    ],
    "Genre_2": [
      3751,
      1,
      364,
      2987,
      1223
    ],
    "Genre_3": [
      383,
      2478,
      1266,
      266,
      590
    ],
    "Genre_4": [
      2693,
      3142,
      246,
      3865,
      162
    ],
    "Genre_5": [
      1081,
      2088,
      1088,
      1381,
      1288
    ],
    "Genre_6": [
      1179,
      1248,
      1617,
      1284,
      1252
    ],
    "Genre_7": [
      2,
      1259,
      455,
      3461,
      2871
    ],
    "Genre_8": [
      2384,
      317,
      34,
      3564,
      3396
    ],
    "Genre_9": [
      912,
      1299,
      1250,
      3949,
      3448
    ],
    "Genre_10": [
      3629,
      3893,
      1777,
      3507,
      1445
    ],
    "Genre_11": [
      1089,
      50,
      3896,
      2605,
      2769
    ],
    "Genre_12": [
      2212,
      1086,
      891,
      1219,
      2315
    ],
    "Genre_13": [
      1258,
      1997,
      1322,
      2710,
      1321
    ],
    "Genre_14": [
      2721,
      932,
      2340,
      28,
      1835
    ],
    "Genre_15": [
      3066,
      3339,
      3367,
      1927,
      2669
    ],
    "Genre_16": [
      1445,
      2088,
      1081,
      1086,
      455
    ],
    "Genre_17": [
      2583,
      950,
      2467,
      3896,
      3149
    ]
  },
  "20": {
    "Genre_0": [
      2407,
      3793,
      3354,
      260,
      442
    ],
    "Genre_1": [
      1233,
      3578,
      3418,
      2427,
      368
    ],
    "Genre_2": [
      3751,
      1,
      364,
      2987,
      1223
    ],
    "Genre_3": [
      383,
      2478,
      1266,
      266,
      590
    ],
    "Genre_4": [
      2693,
      3142,
      246,
      3865,
      162
    ],
    "Genre_5": [
      1081,
      2088,
      1088,
      1381,
      1288
    ],
    "Genre_6": [
      1179,
      1248,
      1617,
      1284,
      1252
    ],
    "Genre_7": [
      2,
      1259,
      455,
      3461,
      2871
    ],
    "Genre_8": [
      2384,
      317,
      34,
      3564,
      3396
    ],
    "Genre_9": [
      912,
      1299,
      1250,
      3949,
      3448
    ],
    "Genre_10": [
      3629,
      3893,
      1777,
      3507,
      1445
    ],
    "Genre_11": [
      1089,
      50,
      3896,
      2605,
      2769
    ],
    "Genre_12": [
      2212,
      1086,
      891,
      1219,
      2315
    ],
    "Genre_13": [
      1258,
      1997,
      1322,
      2710,
      1321
    ],
    "Genre_14": [
      2721,
      932,
      2340,
      28,
      1835
    ],
    "Genre_15": [
      3066,
      3339,
      3367,
      1927,
      2669
    ],
    "Genre_16": [
      1445,
      2088,
      1081,
      1086,
      455
    ],
    "Genre_17": [
      2583,
      950,
      2467,
      3896,
      3149
    ]
  },
  "21": {
    "Genre_0": [
      2407,
      3793,
      3354,
      260,
      442
    ],
    "Genre_1": [
      1233,
      3578,
      3418,
      2427,
      368
    ],
    "Genre_2": [
      3751,
      1,
      364,
      2987,
      1223
    ],
    "Genre_3": [
      383,
      2478,
      1266,
      266,
      590
    ],
    "Genre_4": [
      2693,
      3142,
      246,
      3865,
      162
    ],
    "Genre_5": [
      1081,
      2088,
      1088,
      1381,
      1288
    ],
    "Genre_6": [
      1179,
      1248,
      1617,
      1284,
      1252
    ],
    "Genre_7": [
      2,
      1259,
      455,
      3461,
      2871
    ],
    "Genre_8": [
      2384,
      317,
      34,
      3564,
      3396
    ],
    "Genre_9": [
      912,
      1299,
      1250,
      3949,
      3448
    ],
    "Genre_10": [
      3629,
      3893,
      1777,
      3507,
      1445
    ],
    "Genre_11": [
      1089,
      50,
      3896,
      2605,
      2769
    ],
    "Genre_12": [
      2212,
      1086,
      891,
      1219,
      2315
    ],
    "Genre_13": [
      1258,
      1997,
      1322,
      2710,
      1321
    ],
    "Genre_14": [
      2721,
      932,
      2340,
      28,
      1835
    ],
    "Genre_15": [
      3066,
      3339,
      3367,
      1927,
      2669
    ],
    "Genre_16": [
      1445,
      2088,
      1081,
      1086,
      455
    ],
    "Genre_17": [
      2583,
      950,
      2467,
      3896,
      3149
    ]
  },
  "22": {
    "Genre_0": [
      2407,
      3793,
      3354,
      260,
      442
    ],
    "Genre_1": [
      1233,
      3578,
      3418,
      2427,
      368
    ],
    "Genre_2": [
      3751,
      1,
      364,
      2987,
      1223
    ],
    "Genre_3": [
      383,
      2478,
      1266,
      266,
      590
    ],
    "Genre_4": [
      2693,
      3142,
      246,
      3865,
      162
    ],
    "Genre_5": [
      1081,
      2088,
      1088,
      1381,
      1288
    ],
    "Genre_6": [
      1179,
      1248,
      1617,
      1284,
      1252
    ],
    "Genre_7": [
      2,
      1259,
      455,
      3461,
      2871
    ],
    "Genre_8": [
      2384,
      317,
      34,
      3564,
      3396
    ],
    "Genre_9": [
      912,
      1299,
      1250,
      3949,
      3448
    ],
    "Genre_10": [
      3629,
      3893,
      1777,
      3507,
      1445
    ],
    "Genre_11": [
      1089,
      50,
      3896,
      2605,
      2769
    ],
    "Genre_12": [
      2212,
      1086,
      891,
      1219,
      2315
    ],
    "Genre_13": [
      1258,
      1997,
      1322,
      2710,
      1321
    ],
    "Genre_14": [
      2721,
      932,
      2340,
      28,
      1835
    ],
    "Genre_15": [
      3066,
      3339,
      3367,
      1927,
      2669
    ],
    "Genre_16": [
      1445,
      2088,
      1081,
      1086,
      455
    ],
    "Genre_17": [
      2583,
      950,
      2467,
      3896,
      3149
    ]
  },
  "23": {
    "Genre_0": [
      2407,
      3793,
      3354,
      260,
      442
    ],
    "Genre_1": [
      1233,
      3578,
      3418,
      2427,
      368
    ],
    "Genre_2": [
      3751,
      1,
      364,
      2987,
      1223
    ],
    "Genre_3": [
      383,
      2478,
      1266,
      266,
      590
    ],
    "Genre_4": [
      2693,
      3142,
      246,
      3865,
      162
    ],
    "Genre_5": [
      1081,
      2088,
      1088,
      1381,
      1288
    ],
    "Genre_6": [
      1179,
      1248,
      1617,
      1284,
      1252
    ],
    "Genre_7": [
      2,
      1259,
      455,
      3461,
      2871
    ],
    "Genre_8": [
      2384,
      317,
      34,
      3564,
      3396
    ],
    "Genre_9": [
      912,
      1299,
      1250,
      3949,
      3448
    ],
    "Genre_10": [
      3629,
      3893,
      1777,
      3507,
      1445
    ],
    "Genre_11": [
      1089,
      50,
      3896,
      2605,
      2769
    ],
    "Genre_12": [
      2212,
      1086,
      891,
      1219,
      2315
    ],
    "Genre_13": [
      1258,
      1997,
      1322,
      2710,
      1321
    ],
    "Genre_14": [
      2721,
      932,
      2340,
      28,
      1835
    ],
    "Genre_15": [
      3066,
      3339,
      3367,
      1927,
      2669
    ],
    "Genre_16": [
      1445,
      2088,
      1081,
      1086,
      455
    ],
    "Genre_17": [
      2583,
      950,
      2467,
      3896,
      3149
    ]
  },
  "24": {
    "Genre_0": [
      2407,
      3793,
      3354,
      260,
      442
    ],
    "Genre_1": [
      1233,
      3578,
      3418,
      2427,
      368
    ],
    "Genre_2": [
      3751,
      1,
      364,
      2987,
      1223
    ],
    "Genre_3": [
      383,
      2478,
      1266,
      266,
      590
    ],
    "Genre_4": [
      2693,
      3142,
      246,
      3865,
      162
    ],
    "Genre_5": [
      1081,
      2088,
      1088,
      1381,
      1288
    ],
    "Genre_6": [
      1179,
      1248,
      1617,
      1284,
      1252
    ],
    "Genre_7": [
      2,
      1259,
      455,
      3461,
      2871
    ],
    "Genre_8": [
      2384,
      317,
      34,
      3564,
      3396
    ],
    "Genre_9": [
      912,
      1299,
      1250,
      3949,
      3448
    ],
    "Genre_10": [
      3629,
      3893,
      1777,
      3507,
      1445
    ],
    "Genre_11": [
      1089,
      50,
      3896,
      2605,
      2769
    ],
    "Genre_12": [
      2212,
      1086,
      891,
      1219,
      2315
    ],
    "Genre_13": [
      1258,
      1997,
      1322,
      2710,
      1321
    ],
    "Genre_14": [
      2721,
      932,
      2340,
      28,
      1835
    ],
    "Genre_15": [
      3066,
      3339,
      3367,
      1927,
      2669
    ],
    "Genre_16": [
      1445,
      2088,
      1081,
      1086,
      455
    ],
    "Genre_17": [
      2583,
      950,
      2467,
      3896,
      3149
    ]
  },
  "25": {
    "Genre_0": [
      2407,
      3793,
      3354,
      260,
      442
    ],
    "Genre_1": [
      1233,
      3578,
      3418,
      2427,
      368
    ],
    "Genre_2": [
      3751,
      1,
      364,
      2987,
      1223
    ],
    "Genre_3": [
      383,
      2478,
      1266,
      266,
      590
    ],
    "Genre_4": [
      2693,
      3142,
      246,
      3865,
      162
    ],
    "Genre_5": [
      1081,
      2088,
      1088,
      1381,
      1288
    ],
    "Genre_6": [
      1179,
      1248,
      1617,
      1284,
      1252
    ],
    "Genre_7": [
      2,
      1259,
      455,
      3461,
      2871
    ],
    "Genre_8": [
      2384,
      317,
      34,
      3564,
      3396
    ],
    "Genre_9": [
      912,
      1299,
      1250,
      3949,
      3448
    ],
    "Genre_10": [
      3629,
      3893,
      1777,
      3507,
      1445
    ],
    "Genre_11": [
      1089,
      50,
      3896,
      2605,
      2769
    ],
    "Genre_12": [
      2212,
      1086,
      891,
      1219,
      2315
    ],
    "Genre_13": [
      1258,
      1997,
      1322,
      2710,
      1321
    ],
    "Genre_14": [
      2721,
      932,
      2340,
      28,
      1835
    ],
    "Genre_15": [
      3066,
      3339,
      3367,
      1927,
      2669
    ],
    "Genre_16": [
      1445,
      2088,
      1081,
      1086,
      455
    ],
    "Genre_17": [
      2583,
      950,
      2467,
      3896,
      3149
    ]
  },
  "26": {
    "Genre_0": [
      2407,
      3793,
      3354,
      260,
      442
    ],
    "Genre_1": [
      1233,
      3578,
      3418,
      2427,
      368
    ],
    "Genre_2": [
      3751,
      1,
      364,
      2987,
      1223
    ],
    "Genre_3": [
      383,
      2478,
      1266,
      266,
      590
    ],
    "Genre_4": [
      2693,
      3142,
      246,
      3865,
      162
    ],
    "Genre_5": [
      1081,
      2088,
      1088,
      1381,
      1288
    ],
    "Genre_6": [
      1179,
      1248,
      1617,
      1284,
      1252
    ],
    "Genre_7": [
      2,
      1259,
      455,
      3461,
      2871
    ],
    "Genre_8": [
      2384,
      317,
      34,
      3564,
      3396
    ],
    "Genre_9": [
      912,
      1299,
      1250,
      3949,
      3448
    ],
    "Genre_10": [
      3629,
      3893,
      1777,
      3507,
      1445
    ],
    "Genre_11": [
      1089,
      50,
      3896,
      2605,
      2769
    ],
    "Genre_12": [
      2212,
      1086,
      891,
      1219,
      2315
    ],
    "Genre_13": [
      1258,
      1997,
      1322,
      2710,
      1321
    ],
    "Genre_14": [
      2721,
      932,
      2340,
      28,
      1835
    ],
    "Genre_15": [
      3066,
      3339,
      3367,
      1927,
      2669
    ],
    "Genre_16": [
      1445,
      2088,
      1081,
      1086,
      455
    ],
    "Genre_17": [
      2583,
      950,
      2467,
      3896,
      3149
    ]
  },
  "27": {
    "Genre_0": [
      2407,
      3793,
      3354,
      260,
      442
    ],
    "Genre_1": [
      1233,
      3578,
      3418,
      2427,
      368
    ],
    "Genre_2": [
      3751,
      1,
      364,
      2987,
      1223
    ],
    "Genre_3": [
      383,
      2478,
      1266,
      266,
      590
    ],
    "Genre_4": [
      2693,
      3142,
      246,
      3865,
      162
    ],
    "Genre_5": [
      1081,
      2088,
      1088,
      1381,
      1288
    ],
    "Genre_6": [
      1179,
      1248,
      1617,
      1284,
      1252
    ],
    "Genre_7": [
      2,
      1259,
      455,
      3461,
      2871
    ],
    "Genre_8": [
      2384,
      317,
      34,
      3564,
      3396
    ],
    "Genre_9": [
      912,
      1299,
      1250,
      3949,
      3448
    ],
    "Genre_10": [
      3629,
      3893,
      1777,
      3507,
      1445
    ],
    "Genre_11": [
      1089,
      50,
      3896,
      2605,
      2769
    ],
    "Genre_12": [
      2212,
      1086,
      891,
      1219,
      2315
    ],
    "Genre_13": [
      1258,
      1997,
      1322,
      2710,
      1321
    ],
    "Genre_14": [
      2721,
      932,
      2340,
      28,
      1835
    ],
    "Genre_15": [
      3066,
      3339,
      3367,
      1927,
      2669
    ],
    "Genre_16": [
      1445,
      2088,
      1081,
      1086,
      455
    ],
    "Genre_17": [
      2583,
      950,
      2467,
      3896,
      3149
    ]
  },
  "28": {
    "Genre_0": [
      2407,
      3793,
      3354,
      260,
      442
    ],
    "Genre_1": [
      1233,
      3578,
      3418,
      2427,
      368
    ],
    "Genre_2": [
      3751,
      1,
      364,
      2987,
      1223
    ],
    "Genre_3": [
      383,
      2478,
      1266,
      266,
      590
    ],
    "Genre_4": [
      2693,
      3142,
      246,
      3865,
      162
    ],
    "Genre_5": [
      1081,
      2088,
      1088,
      1381,
      1288
    ],
    "Genre_6": [
      1179,
      1248,
      1617,
      1284,
      1252
    ],
    "Genre_7": [
      2,
      1259,
      455,
      3461,
      2871
    ],
    "Genre_8": [
      2384,
      317,
      34,
      3564,
      3396
    ],
    "Genre_9": [
      912,
      1299,
      1250,
      3949,
      3448
    ],
    "Genre_10": [
      3629,
      3893,
      1777,
      3507,
      1445
    ],
    "Genre_11": [
      1089,
      50,
      3896,
      2605,
      2769
    ],
    "Genre_12": [
      2212,
      1086,
      891,
      1219,
      2315
    ],
    "Genre_13": [
      1258,
      1997,
      1322,
      2710,
      1321
    ],
    "Genre_14": [
      2721,
      932,
      2340,
      28,
      1835
    ],
    "Genre_15": [
      3066,
      3339,
      3367,
      1927,
      2669
    ],
    "Genre_16": [
      1445,
      2088,
      1081,
      1086,
      455
    ],
    "Genre_17": [
      2583,
      950,
      2467,
      3896,
      3149
    ]
  },
  "29": {
    "Genre_0": [
      2407,
      3793,
      3354,
      260,
      442
    ],
    "Genre_1": [
      1233,
      3578,
      3418,
      2427,
      368
    ],
    "Genre_2": [
      3751,
      1,
      364,
      2987,
      1223
    ],
    "Genre_3": [
      383,
      2478,
      1266,
      266,
      590
    ],
    "Genre_4": [
      2693,
      3142,
      246,
      3865,
      162
    ],
    "Genre_5": [
      1081,
      2088,
      1088,
      1381,
      1288
    ],
    "Genre_6": [
      1179,
      1248,
      1617,
      1284,
      1252
    ],
    "Genre_7": [
      2,
      1259,
      455,
      3461,
      2871
    ],
    "Genre_8": [
      2384,
      317,
      34,
      3564,
      3396
    ],
    "Genre_9": [
      912,
      1299,
      1250,
      3949,
      3448
    ],
    "Genre_10": [
      3629,
      3893,
      1777,
      3507,
      1445
    ],
    "Genre_11": [
      1089,
      50,
      3896,
      2605,
      2769
    ],
    "Genre_12": [
      2212,
      1086,
      891,
      1219,
      2315
    ],
    "Genre_13": [
      1258,
      1997,
      1322,
      2710,
      1321
    ],
    "Genre_14": [
      2721,
      932,
      2340,
      28,
      1835
    ],
    "Genre_15": [
      3066,
      3339,
      3367,
      1927,
      2669
    ],
    "Genre_16": [
      1445,
      2088,
      1081,
      1086,
      455
    ],
    "Genre_17": [
      2583,
      950,
      2467,
      3896,
      3149
    ]
  },
  "30": {
    "Genre_0": [
      2407,
      3793,
      3354,
      260,
      442
    ],
    "Genre_1": [
      1233,
      3578,
      3418,
      2427,
      368
    ],
    "Genre_2": [
      3751,
      1,
      364,
      2987,
      1223
    ],
    "Genre_3": [
      383,
      2478,
      1266,
      266,
      590
    ],
    "Genre_4": [
      2693,
      3142,
      246,
      3865,
      162
    ],
    "Genre_5": [
      1081,
      2088,
      1088,
      1381,
      1288
    ],
    "Genre_6": [
      1179,
      1248,
      1617,
      1284,
      1252
    ],
    "Genre_7": [
      2,
      1259,
      455,
      3461,
      2871
    ],
    "Genre_8": [
      2384,
      317,
      34,
      3564,
      3396
    ],
    "Genre_9": [
      912,
      1299,
      1250,
      3949,
      3448
    ],
    "Genre_10": [
      3629,
      3893,
      1777,
      3507,
      1445
    ],
    "Genre_11": [
      1089,
      50,
      3896,
      2605,
      2769
    ],
    "Genre_12": [
      2212,
      1086,
      891,
      1219,
      2315
    ],
    "Genre_13": [
      1258,
      1997,
      1322,
      2710,
      1321
    ],
    "Genre_14": [
      2721,
      932,
      2340,
      28,
      1835
    ],
    "Genre_15": [
      3066,
      3339,
      3367,
      1927,
      2669
    ],
    "Genre_16": [
      1445,
      2088,
      1081,
      1086,
      455
    ],
    "Genre_17": [
      2583,
      950,
      2467,
      3896,
      3149
    ]
  },
  "31": {
    "Genre_0": [
      2407,
      3793,
      3354,
      260,
      442
    ],
    "Genre_1": [
      1233,
      3578,
      3418,
      2427,
      368
    ],
    "Genre_2": [
      3751,
      1,
      364,
      2987,
      1223
    ],
    "Genre_3": [
      383,
      2478,
      1266,
      266,
      590
    ],
    "Genre_4": [
      2693,
      3142,
      246,
      3865,
      162
    ],
    "Genre_5": [
      1081,
      2088,
      1088,
      1381,
      1288
    ],
    "Genre_6": [
      1179,
      1248,
      1617,
      1284,
      1252
    ],
    "Genre_7": [
      2,
      1259,
      455,
      3461,
      2871
    ],
    "Genre_8": [
      2384,
      317,
      34,
      3564,
      3396
    ],
    "Genre_9": [
      912,
      1299,
      1250,
      3949,
      3448
    ],
    "Genre_10": [
      3629,
      3893,
      1777,
      3507,
      1445
    ],
    "Genre_11": [
      1089,
      50,
      3896,
      2605,
      2769
    ],
    "Genre_12": [
      2212,
      1086,
      891,
      1219,
      2315
    ],
    "Genre_13": [
      1258,
      1997,
      1322,
      2710,
      1321
    ],
    "Genre_14": [
      2721,
      932,
      2340,
      28,
      1835
    ],
    "Genre_15": [
      3066,
      3339,
      3367,
      1927,
      2669
    ],
    "Genre_16": [
      1445,
      2088,
      1081,
      1086,
      455
    ],
    "Genre_17": [
      2583,
      950,
      2467,
      3896,
      3149
    ]
  },
  "32": {
    "Genre_0": [
      2407,
      3793,
      3354,
      260,
      442
    ],
    "Genre_1": [
      1233,
      3578,
      3418,
      2427,
      368
    ],
    "Genre_2": [
      3751,
      1,
      364,
      2987,
      1223
    ],
    "Genre_3": [
      383,
      2478,
      1266,
      266,
      590
    ],
    "Genre_4": [
      2693,
      3142,
      246,
      3865,
      162
    ],
    "Genre_5": [
      1081,
      2088,
      1088,
      1381,
      1288
    ],
    "Genre_6": [
      1179,
      1248,
      1617,
      1284,
      1252
    ],
    "Genre_7": [
      2,
      1259,
      455,
      3461,
      2871
    ],
    "Genre_8": [
      2384,
      317,
      34,
      3564,
      3396
    ],
    "Genre_9": [
      912,
      1299,
      1250,
      3949,
      3448
    ],
    "Genre_10": [
      3629,
      3893,
      1777,
      3507,
      1445
    ],
    "Genre_11": [
      1089,
      50,
      3896,
      2605,
      2769
    ],
    "Genre_12": [
      2212,
      1086,
      891,
      1219,
      2315
    ],
    "Genre_13": [
      1258,
      1997,
      1322,
      2710,
      1321
    ],
    "Genre_14": [
      2721,
      932,
      2340,
      28,
      1835
    ],
    "Genre_15": [
      3066,
      3339,
      3367,
      1927,
      2669
    ],
    "Genre_16": [
      1445,
      2088,
      1081,
      1086,
      455
    ],
    "Genre_17": [
      2583,
      950,
      2467,
      3896,
      3149
    ]
  },
  "33": {
    "Genre_0": [
      2407,
      3793,
      3354,
      260,
      442
    ],
    "Genre_1": [
      1233,
      3578,
      3418,
      2427,
      368
    ],
    "Genre_2": [
      3751,
      1,
      364,
      2987,
      1223
    ],
    "Genre_3": [
      383,
      2478,
      1266,
      266,
      590
    ],
    "Genre_4": [
      2693,
      3142,
      246,
      3865,
      162
    ],
    "Genre_5": [
      1081,
      2088,
      1088,
      1381,
      1288
    ],
    "Genre_6": [
      1179,
      1248,
      1617,
      1284,
      1252
    ],
    "Genre_7": [
      2,
      1259,
      455,
      3461,
      2871
    ],
    "Genre_8": [
      2384,
      317,
      34,
      3564,
      3396
    ],
    "Genre_9": [
      912,
      1299,
      1250,
      3949,
      3448
    ],
    "Genre_10": [
      3629,
      3893,
      1777,
      3507,
      1445
    ],
    "Genre_11": [
      1089,
      50,
      3896,
      2605,
      2769
    ],
    "Genre_12": [
      2212,
      1086,
      891,
      1219,
      2315
    ],
    "Genre_13": [
      1258,
      1997,
      1322,
      2710,
      1321
    ],
    "Genre_14": [
      2721,
      932,
      2340,
      28,
      1835
    ],
    "Genre_15": [
      3066,
      3339,
      3367,
      1927,
      2669
    ],
    "Genre_16": [
      1445,
      2088,
      1081,
      1086,
      455
    ],
    "Genre_17": [
      2583,
      950,
      2467,
      3896,
      3149
    ]
  },
  "34": {
    "Genre_0": [
      2407,
      3793,
      3354,
      260,
      442
    ],
    "Genre_1": [
      1233,
      3578,
      3418,
      2427,
      368
    ],
    "Genre_2": [
      3751,
      1,
      364,
      2987,
      1223
    ],
    "Genre_3": [
      383,
      2478,
      1266,
      266,
      590
    ],
    "Genre_4": [
      2693,
      3142,
      246,
      3865,
      162
    ],
    "Genre_5": [
      1081,
      2088,
      1088,
      1381,
      1288
    ],
    "Genre_6": [
      1179,
      1248,
      1617,
      1284,
      1252
    ],
    "Genre_7": [
      2,
      1259,
      455,
      3461,
      2871
    ],
    "Genre_8": [
      2384,
      317,
      34,
      3564,
      3396
    ],
    "Genre_9": [
      912,
      1299,
      1250,
      3949,
      3448
    ],
    "Genre_10": [
      3629,
      3893,
      1777,
      3507,
      1445
    ],
    "Genre_11": [
      1089,
      50,
      3896,
      2605,
      2769
    ],
    "Genre_12": [
      2212,
      1086,
      891,
      1219,
      2315
    ],
    "Genre_13": [
      1258,
      1997,
      1322,
      2710,
      1321
    ],
    "Genre_14": [
      2721,
      932,
      2340,
      28,
      1835
    ],
    "Genre_15": [
      3066,
      3339,
      3367,
      1927,
      2669
    ],
    "Genre_16": [
      1445,
      2088,
      1081,
      1086,
      455
    ],
    "Genre_17": [
      2583,
      950,
      2467,
      3896,
      3149
    ]
  },
  "35": {
    "Genre_0": [
      2407,
      3793,
      3354,
      260,
      442
    ],
    "Genre_1": [
      1233,
      3578,
      3418,
      2427,
      368
    ],
    "Genre_2": [
      3751,
      1,
      364,
      2987,
      1223
    ],
    "Genre_3": [
      383,
      2478,
      1266,
      266,
      590
    ],
    "Genre_4": [
      2693,
      3142,
      246,
      3865,
      162
    ],
    "Genre_5": [
      1081,
      2088,
      1088,
      1381,
      1288
    ],
    "Genre_6": [
      1179,
      1248,
      1617,
      1284,
      1252
    ],
    "Genre_7": [
      2,
      1259,
      455,
      3461,
      2871
    ],
    "Genre_8": [
      2384,
      317,
      34,
      3564,
      3396
    ],
    "Genre_9": [
      912,
      1299,
      1250,
      3949,
      3448
    ],
    "Genre_10": [
      3629,
      3893,
      1777,
      3507,
      1445
    ],
    "Genre_11": [
      1089,
      50,
      3896,
      2605,
      2769
    ],
    "Genre_12": [
      2212,
      1086,
      891,
      1219,
      2315
    ],
    "Genre_13": [
      1258,
      1997,
      1322,
      2710,
      1321
    ],
    "Genre_14": [
      2721,
      932,
      2340,
      28,
      1835
    ],
    "Genre_15": [
      3066,
      3339,
      3367,
      1927,
      2669
    ],
    "Genre_16": [
      1445,
      2088,
      1081,
      1086,
      455
    ],
    "Genre_17": [
      2583,
      950,
      2467,
      3896,
      3149
    ]
  },
  "36": {
    "Genre_0": [
      2407,
      3793,
      3354,
      260,
      442
    ],
    "Genre_1": [
      1233,
      3578,
      3418,
      2427,
      368
    ],
    "Genre_2": [
      3751,
      1,
      364,
      2987,
      1223
    ],
    "Genre_3": [
      383,
      2478,
      1266,
      266,
      590
    ],
    "Genre_4": [
      2693,
      3142,
      246,
      3865,
      162
    ],
    "Genre_5": [
      1081,
      2088,
      1088,
      1381,
      1288
    ],
    "Genre_6": [
      1179,
      1248,
      1617,
      1284,
      1252
    ],
    "Genre_7": [
      2,
      1259,
      455,
      3461,
      2871
    ],
    "Genre_8": [
      2384,
      317,
      34,
      3564,
      3396
    ],
    "Genre_9": [
      912,
      1299,
      1250,
      3949,
      3448
    ],
    "Genre_10": [
      3629,
      3893,
      1777,
      3507,
      1445
    ],
    "Genre_11": [
      1089,
      50,
      3896,
      2605,
      2769
    ],
    "Genre_12": [
      2212,
      1086,
      891,
      1219,
      2315
    ],
    "Genre_13": [
      1258,
      1997,
      1322,
      2710,
      1321
    ],
    "Genre_14": [
      2721,
      932,
      2340,
      28,
      1835
    ],
    "Genre_15": [
      3066,
      3339,
      3367,
      1927,
      2669
    ],
    "Genre_16": [
      1445,
      2088,
      1081,
      1086,
      455
    ],
    "Genre_17": [
      2583,
      950,
      2467,
      3896,
      3149
    ]
  },
  "37": {
    "Genre_0": [
      2407,
      3793,
      3354,
      260,
      442
    ],
    "Genre_1": [
      1233,
      3578,
      3418,
      2427,
      368
    ],
    "Genre_2": [
      3751,
      1,
      364,
      2987,
      1223
    ],
    "Genre_3": [
      383,
      2478,
      1266,
      266,
      590
    ],
    "Genre_4": [
      2693,
      3142,
      246,
      3865,
      162
    ],
    "Genre_5": [
      1081,
      2088,
      1088,
      1381,
      1288
    ],
    "Genre_6": [
      1179,
      1248,
      1617,
      1284,
      1252
    ],
    "Genre_7": [
      2,
      1259,
      455,
      3461,
      2871
    ],
    "Genre_8": [
      2384,
      317,
      34,
      3564,
      3396
    ],
    "Genre_9": [
      912,
      1299,
      1250,
      3949,
      3448
    ],
    "Genre_10": [
      3629,
      3893,
      1777,
      3507,
      1445
    ],
    "Genre_11": [
      1089,
      50,
      3896,
      2605,
      2769
    ],
    "Genre_12": [
      2212,
      1086,
      891,
      1219,
      2315
    ],
    "Genre_13": [
      1258,
      1997,
      1322,
      2710,
      1321
    ],
    "Genre_14": [
      2721,
      932,
      2340,
      28,
      1835
    ],
    "Genre_15": [
      3066,
      3339,
      3367,
      1927,
      2669
    ],
    "Genre_16": [
      1445,
      2088,
      1081,
      1086,
      455
    ],
    "Genre_17": [
      2583,
      950,
      2467,
      3896,
      3149
    ]
  },
  "38": {
    "Genre_0": [
      2407,
      3793,
      3354,
      260,
      442
    ],
    "Genre_1": [
      1233,
      3578,
      3418,
      2427,
      368
    ],
    "Genre_2": [
      3751,
      1,
      364,
      2987,
      1223
    ],
    "Genre_3": [
      383,
      2478,
      1266,
      266,
      590
    ],
    "Genre_4": [
      2693,
      3142,
      246,
      3865,
      162
    ],
    "Genre_5": [
      1081,
      2088,
      1088,
      1381,
      1288
    ],
    "Genre_6": [
      1179,
      1248,
      1617,
      1284,
      1252
    ],
    "Genre_7": [
      2,
      1259,
      455,
      3461,
      2871
    ],
    "Genre_8": [
      2384,
      317,
      34,
      3564,
      3396
    ],
    "Genre_9": [
      912,
      1299,
      1250,
      3949,
      3448
    ],
    "Genre_10": [
      3629,
      3893,
      1777,
      3507,
      1445
    ],
    "Genre_11": [
      1089,
      50,
      3896,
      2605,
      2769
    ],
    "Genre_12": [
      2212,
      1086,
      891,
      1219,
      2315
    ],
    "Genre_13": [
      1258,
      1997,
      1322,
      2710,
      1321
    ],
    "Genre_14": [
      2721,
      932,
      2340,
      28,
      1835
    ],
    "Genre_15": [
      3066,
      3339,
      3367,
      1927,
      2669
    ],
    "Genre_16": [
      1445,
      2088,
      1081,
      1086,
      455
    ],
    "Genre_17": [
      2583,
      950,
      2467,
      3896,
      3149
    ]
  },
  "39": {
    "Genre_0": [
      2407,
      3793,
      3354,
      260,
      442
    ],
    "Genre_1": [
      1233,
      3578,
      3418,
      2427,
      368
    ],
    "Genre_2": [
      3751,
      1,
      364,
      2987,
      1223
    ],
    "Genre_3": [
      383,
      2478,
      1266,
      266,
      590
    ],
    "Genre_4": [
      2693,
      3142,
      246,
      3865,
      162
    ],
    "Genre_5": [
      1081,
      2088,
      1088,
      1381,
      1288
    ],
    "Genre_6": [
      1179,
      1248,
      1617,
      1284,
      1252
    ],
    "Genre_7": [
      2,
      1259,
      455,
      3461,
      2871
    ],
    "Genre_8": [
      2384,
      317,
      34,
      3564,
      3396
    ],
    "Genre_9": [
      912,
      1299,
      1250,
      3949,
      3448
    ],
    "Genre_10": [
      3629,
      3893,
      1777,
      3507,
      1445
    ],
    "Genre_11": [
      1089,
      50,
      3896,
      2605,
      2769
    ],
    "Genre_12": [
      2212,
      1086,
      891,
      1219,
      2315
    ],
    "Genre_13": [
      1258,
      1997,
      1322,
      2710,
      1321
    ],
    "Genre_14": [
      2721,
      932,
      2340,
      28,
      1835
    ],
    "Genre_15": [
      3066,
      3339,
      3367,
      1927,
      2669
    ],
    "Genre_16": [
      1445,
      2088,
      1081,
      1086,
      455
    ],
    "Genre_17": [
      2583,
      950,
      2467,
      3896,
      3149
    ]
  },
  "40": {
    "Genre_0": [
      2407,
      3793,
      3354,
      260,
      442
    ],
    "Genre_1": [
      1233,
      3578,
      3418,
      2427,
      368
    ],
    "Genre_2": [
      3751,
      1,
      364,
      2987,
      1223
    ],
    "Genre_3": [
      383,
      2478,
      1266,
      266,
      590
    ],
    "Genre_4": [
      2693,
      3142,
      246,
      3865,
      162
    ],
    "Genre_5": [
      1081,
      2088,
      1088,
      1381,
      1288
    ],
    "Genre_6": [
      1179,
      1248,
      1617,
      1284,
      1252
    ],
    "Genre_7": [
      2,
      1259,
      455,
      3461,
      2871
    ],
    "Genre_8": [
      2384,
      317,
      34,
      3564,
      3396
    ],
    "Genre_9": [
      912,
      1299,
      1250,
      3949,
      3448
    ],
    "Genre_10": [
      3629,
      3893,
      1777,
      3507,
      1445
    ],
    "Genre_11": [
      1089,
      50,
      3896,
      2605,
      2769
    ],
    "Genre_12": [
      2212,
      1086,
      891,
      1219,
      2315
    ],
    "Genre_13": [
      1258,
      1997,
      1322,
      2710,
      1321
    ],
    "Genre_14": [
      2721,
      932,
      2340,
      28,
      1835
    ],
    "Genre_15": [
      3066,
      3339,
      3367,
      1927,
      2669
    ],
    "Genre_16": [
      1445,
      2088,
      1081,
      1086,
      455
    ],
    "Genre_17": [
      2583,
      950,
      2467,
      3896,
      3149
    ]
  },
  "41": {
    "Genre_0": [
      2407,
      3793,
      3354,
      260,
      442
    ],
    "Genre_1": [
      1233,
      3578,
      3418,
      2427,
      368
    ],
    "Genre_2": [
      3751,
      1,
      364,
      2987,
      1223
    ],
    "Genre_3": [
      383,
      2478,
      1266,
      266,
      590
    ],
    "Genre_4": [
      2693,
      3142,
      246,
      3865,
      162
    ],
    "Genre_5": [
      1081,
      2088,
      1088,
      1381,
      1288
    ],
    "Genre_6": [
      1179,
      1248,
      1617,
      1284,
      1252
    ],
    "Genre_7": [
      2,
      1259,
      455,
      3461,
      2871
    ],
    "Genre_8": [
      2384,
      317,
      34,
      3564,
      3396
    ],
    "Genre_9": [
      912,
      1299,
      1250,
      3949,
      3448
    ],
    "Genre_10": [
      3629,
      3893,
      1777,
      3507,
      1445
    ],
    "Genre_11": [
      1089,
      50,
      3896,
      2605,
      2769
    ],
    "Genre_12": [
      2212,
      1086,
      891,
      1219,
      2315
    ],
    "Genre_13": [
      1258,
      1997,
      1322,
      2710,
      1321
    ],
    "Genre_14": [
      2721,
      932,
      2340,
      28,
      1835
    ],
    "Genre_15": [
      3066,
      3339,
      3367,
      1927,
      2669
    ],
    "Genre_16": [
      1445,
      2088,
      1081,
      1086,
      455
    ],
    "Genre_17": [
      2583,
      950,
      2467,
      3896,
      3149
    ]
  },
  "42": {
    "Genre_0": [
      2407,
      3793,
      3354,
      260,
      442
    ],
    "Genre_1": [
      1233,
      3578,
      3418,
      2427,
      368
    ],
    "Genre_2": [
      3751,
      1,
      364,
      2987,
      1223
    ],
    "Genre_3": [
      383,
      2478,
      1266,
      266,
      590
    ],
    "Genre_4": [
      2693,
      3142,
      246,
      3865,
      162
    ],
    "Genre_5": [
      1081,
      2088,
      1088,
      1381,
      1288
    ],
    "Genre_6": [
      1179,
      1248,
      1617,
      1284,
      1252
    ],
    "Genre_7": [
      2,
      1259,
      455,
      3461,
      2871
    ],
    "Genre_8": [
      2384,
      317,
      34,
      3564,
      3396
    ],
    "Genre_9": [
      912,
      1299,
      1250,
      3949,
      3448
    ],
    "Genre_10": [
      3629,
      3893,
      1777,
      3507,
      1445
    ],
    "Genre_11": [
      1089,
      50,
      3896,
      2605,
      2769
    ],
    "Genre_12": [
      2212,
      1086,
      891,
      1219,
      2315
    ],
    "Genre_13": [
      1258,
      1997,
      1322,
      2710,
      1321
    ],
    "Genre_14": [
      2721,
      932,
      2340,
      28,
      1835
    ],
    "Genre_15": [
      3066,
      3339,
      3367,
      1927,
      2669
    ],
    "Genre_16": [
      1445,
      2088,
      1081,
      1086,
      455
    ],
    "Genre_17": [
      2583,
      950,
      2467,
      3896,
      3149
    ]
  },
  "43": {
    "Genre_0": [
      2407,
      3793,
      3354,
      260,
      442
    ],
    "Genre_1": [
      1233,
      3578,
      3418,
      2427,
      368
    ],
    "Genre_2": [
      3751,
      1,
      364,
      2987,
      1223
    ],
    "Genre_3": [
      383,
      2478,
      1266,
      266,
      590
    ],
    "Genre_4": [
      2693,
      3142,
      246,
      3865,
      162
    ],
    "Genre_5": [
      1081,
      2088,
      1088,
      1381,
      1288
    ],
    "Genre_6": [
      1179,
      1248,
      1617,
      1284,
      1252
    ],
    "Genre_7": [
      2,
      1259,
      455,
      3461,
      2871
    ],
    "Genre_8": [
      2384,
      317,
      34,
      3564,
      3396
    ],
    "Genre_9": [
      912,
      1299,
      1250,
      3949,
      3448
    ],
    "Genre_10": [
      3629,
      3893,
      1777,
      3507,
      1445
    ],
    "Genre_11": [
      1089,
      50,
      3896,
      2605,
      2769
    ],
    "Genre_12": [
      2212,
      1086,
      891,
      1219,
      2315
    ],
    "Genre_13": [
      1258,
      1997,
      1322,
      2710,
      1321
    ],
    "Genre_14": [
      2721,
      932,
      2340,
      28,
      1835
    ],
    "Genre_15": [
      3066,
      3339,
      3367,
      1927,
      2669
    ],
    "Genre_16": [
      1445,
      2088,
      1081,
      1086,
      455
    ],
    "Genre_17": [
      2583,
      950,
      2467,
      3896,
      3149
    ]
  },
  "44": {
    "Genre_0": [
      2407,
      3793,
      3354,
      260,
      442
    ],
    "Genre_1": [
      1233,
      3578,
      3418,
      2427,
      368
    ],
    "Genre_2": [
      3751,
      1,
      364,
      2987,
      1223
    ],
    "Genre_3": [
      383,
      2478,
      1266,
      266,
      590
    ],
    "Genre_4": [
      2693,
      3142,
      246,
      3865,
      162
    ],
    "Genre_5": [
      1081,
      2088,
      1088,
      1381,
      1288
    ],
    "Genre_6": [
      1179,
      1248,
      1617,
      1284,
      1252
    ],
    "Genre_7": [
      2,
      1259,
      455,
      3461,
      2871
    ],
    "Genre_8": [
      2384,
      317,
      34,
      3564,
      3396
    ],
    "Genre_9": [
      912,
      1299,
      1250,
      3949,
      3448
    ],
    "Genre_10": [
      3629,
      3893,
      1777,
      3507,
      1445
    ],
    "Genre_11": [
      1089,
      50,
      3896,
      2605,
      2769
    ],
    "Genre_12": [
      2212,
      1086,
      891,
      1219,
      2315
    ],
    "Genre_13": [
      1258,
      1997,
      1322,
      2710,
      1321
    ],
    "Genre_14": [
      2721,
      932,
      2340,
      28,
      1835
    ],
    "Genre_15": [
      3066,
      3339,
      3367,
      1927,
      2669
    ],
    "Genre_16": [
      1445,
      2088,
      1081,
      1086,
      455
    ],
    "Genre_17": [
      2583,
      950,
      2467,
      3896,
      3149
    ]
  },
  "45": {
    "Genre_0": [
      2407,
      3793,
      3354,
      260,
      442
    ],
    "Genre_1": [
      1233,
      3578,
      3418,
      2427,
      368
    ],
    "Genre_2": [
      3751,
      1,
      364,
      2987,
      1223
    ],
    "Genre_3": [
      383,
      2478,
      1266,
      266,
      590
    ],
    "Genre_4": [
      2693,
      3142,
      246,
      3865,
      162
    ],
    "Genre_5": [
      1081,
      2088,
      1088,
      1381,
      1288
    ],
    "Genre_6": [
      1179,
      1248,
      1617,
      1284,
      1252
    ],
    "Genre_7": [
      2,
      1259,
      455,
      3461,
      2871
    ],
    "Genre_8": [
      2384,
      317,
      34,
      3564,
      3396
    ],
    "Genre_9": [
      912,
      1299,
      1250,
      3949,
      3448
    ],
    "Genre_10": [
      3629,
      3893,
      1777,
      3507,
      1445
    ],
    "Genre_11": [
      1089,
      50,
      3896,
      2605,
      2769
    ],
    "Genre_12": [
      2212,
      1086,
      891,
      1219,
      2315
    ],
    "Genre_13": [
      1258,
      1997,
      1322,
      2710,
      1321
    ],
    "Genre_14": [
      2721,
      932,
      2340,
      28,
      1835
    ],
    "Genre_15": [
      3066,
      3339,
      3367,
      1927,
      2669
    ],
    "Genre_16": [
      1445,
      2088,
      1081,
      1086,
      455
    ],
    "Genre_17": [
      2583,
      950,
      2467,
      3896,
      3149
    ]
  },
  "46": {
    "Genre_0": [
      2407,
      3793,
      3354,
      260,
      442
    ],
    "Genre_1": [
      1233,
      3578,
      3418,
      2427,
      368
    ],
    "Genre_2": [
      3751,
      1,
      364,
      2987,
      1223
    ],
    "Genre_3": [
      383,
      2478,
      1266,
      266,
      590
    ],
    "Genre_4": [
      2693,
      3142,
      246,
      3865,
      162
    ],
    "Genre_5": [
      1081,
      2088,
      1088,
      1381,
      1288
    ],
    "Genre_6": [
      1179,
      1248,
      1617,
      1284,
      1252
    ],
    "Genre_7": [
      2,
      1259,
      455,
      3461,
      2871
    ],
    "Genre_8": [
      2384,
      317,
      34,
      3564,
      3396
    ],
    "Genre_9": [
      912,
      1299,
      1250,
      3949,
      3448
    ],
    "Genre_10": [
      3629,
      3893,
      1777,
      3507,
      1445
    ],
    "Genre_11": [
      1089,
      50,
      3896,
      2605,
      2769
    ],
    "Genre_12": [
      2212,
      1086,
      891,
      1219,
      2315
    ],
    "Genre_13": [
      1258,
      1997,
      1322,
      2710,
      1321
    ],
    "Genre_14": [
      2721,
      932,
      2340,
      28,
      1835
    ],
    "Genre_15": [
      3066,
      3339,
      3367,
      1927,
      2669
    ],
    "Genre_16": [
      1445,
      2088,
      1081,
      1086,
      455
    ],
    "Genre_17": [
      2583,
      950,
      2467,
      3896,
      3149
    ]
  },
  "47": {
    "Genre_0": [
      2407,
      3793,
      3354,
      260,
      442
    ],
    "Genre_1": [
      1233,
      3578,
      3418,
      2427,
      368
    ],
    "Genre_2": [
      3751,
      1,
      364,
      2987,
      1223
    ],
    "Genre_3": [
      383,
      2478,
      1266,
      266,
      590
    ],
    "Genre_4": [
      2693,
      3142,
      246,
      3865,
      162
    ],
    "Genre_5": [
      1081,
      2088,
      1088,
      1381,
      1288
    ],
    "Genre_6": [
      1179,
      1248,
      1617,
      1284,
      1252
    ],
    "Genre_7": [
      2,
      1259,
      455,
      3461,
      2871
    ],
    "Genre_8": [
      2384,
      317,
      34,
      3564,
      3396
    ],
    "Genre_9": [
      912,
      1299,
      1250,
      3949,
      3448
    ],
    "Genre_10": [
      3629,
      3893,
      1777,
      3507,
      1445
    ],
    "Genre_11": [
      1089,
      50,
      3896,
      2605,
      2769
    ],
    "Genre_12": [
      2212,
      1086,
      891,
      1219,
      2315
    ],
    "Genre_13": [
      1258,
      1997,
      1322,
      2710,
      1321
    ],
    "Genre_14": [
      2721,
      932,
      2340,
      28,
      1835
    ],
    "Genre_15": [
      3066,
      3339,
      3367,
      1927,
      2669
    ],
    "Genre_16": [
      1445,
      2088,
      1081,
      1086,
      455
    ],
    "Genre_17": [
      2583,
      950,
      2467,
      3896,
      3149
    ]
  },
  "48": {
    "Genre_0": [
      2407,
      3793,
      3354,
      260,
      442
    ],
    "Genre_1": [
      1233,
      3578,
      3418,
      2427,
      368
    ],
    "Genre_2": [
      3751,
      1,
      364,
      2987,
      1223
    ],
    "Genre_3": [
      383,
      2478,
      1266,
      266,
      590
    ],
    "Genre_4": [
      2693,
      3142,
      246,
      3865,
      162
    ],
    "Genre_5": [
      1081,
      2088,
      1088,
      1381,
      1288
    ],
    "Genre_6": [
      1179,
      1248,
      1617,
      1284,
      1252
    ],
    "Genre_7": [
      2,
      1259,
      455,
      3461,
      2871
    ],
    "Genre_8": [
      2384,
      317,
      34,
      3564,
      3396
    ],
    "Genre_9": [
      912,
      1299,
      1250,
      3949,
      3448
    ],
    "Genre_10": [
      3629,
      3893,
      1777,
      3507,
      1445
    ],
    "Genre_11": [
      1089,
      50,
      3896,
      2605,
      2769
    ],
    "Genre_12": [
      2212,
      1086,
      891,
      1219,
      2315
    ],
    "Genre_13": [
      1258,
      1997,
      1322,
      2710,
      1321
    ],
    "Genre_14": [
      2721,
      932,
      2340,
      28,
      1835
    ],
    "Genre_15": [
      3066,
      3339,
      3367,
      1927,
      2669
    ],
    "Genre_16": [
      1445,
      2088,
      1081,
      1086,
      455
    ],
    "Genre_17": [
      2583,
      950,
      2467,
      3896,
      3149
    ]
  },
  "49": {
    "Genre_0": [
      2407,
      3793,
      3354,
      260,
      442
    ],
    "Genre_1": [
      1233,
      3578,
      3418,
      2427,
      368
    ],
    "Genre_2": [
      3751,
      1,
      364,
      2987,
      1223
    ],
    "Genre_3": [
      383,
      2478,
      1266,
      266,
      590
    ],
    "Genre_4": [
      2693,
      3142,
      246,
      3865,
      162
    ],
    "Genre_5": [
      1081,
      2088,
      1088,
      1381,
      1288
    ],
    "Genre_6": [
      1179,
      1248,
      1617,
      1284,
      1252
    ],
    "Genre_7": [
      2,
      1259,
      455,
      3461,
      2871
    ],
    "Genre_8": [
      2384,
      317,
      34,
      3564,
      3396
    ],
    "Genre_9": [
      912,
      1299,
      1250,
      3949,
      3448
    ],
    "Genre_10": [
      3629,
      3893,
      1777,
      3507,
      1445
    ],
    "Genre_11": [
      1089,
      50,
      3896,
      2605,
      2769
    ],
    "Genre_12": [
      2212,
      1086,
      891,
      1219,
      2315
    ],
    "Genre_13": [
      1258,
      1997,
      1322,
      2710,
      1321
    ],
    "Genre_14": [
      2721,
      932,
      2340,
      28,
      1835
    ],
    "Genre_15": [
      3066,
      3339,
      3367,
      1927,
      2669
    ],
    "Genre_16": [
      1445,
      2088,
      1081,
      1086,
      455
    ],
    "Genre_17": [
      2583,
      950,
      2467,
      3896,
      3149
    ]
  },
  "50": {
    "Genre_0": [
      2407,
      3793,
      3354,
      260,
      442
    ],
    "Genre_1": [
      1233,
      3578,
      3418,
      2427,
      368
    ],
    "Genre_2": [
      3751,
      1,
      364,
      2987,
      1223
    ],
    "Genre_3": [
      383,
      2478,
      1266,
      266,
      590
    ],
    "Genre_4": [
      2693,
      3142,
      246,
      3865,
      162
    ],
    "Genre_5": [
      1081,
      2088,
      1088,
      1381,
      1288
    ],
    "Genre_6": [
      1179,
      1248,
      1617,
      1284,
      1252
    ],
    "Genre_7": [
      2,
      1259,
      455,
      3461,
      2871
    ],
    "Genre_8": [
      2384,
      317,
      34,
      3564,
      3396
    ],
    "Genre_9": [
      912,
      1299,
      1250,
      3949,
      3448
    ],
    "Genre_10": [
      3629,
      3893,
      1777,
      3507,
      1445
    ],
    "Genre_11": [
      1089,
      50,
      3896,
      2605,
      2769
    ],
    "Genre_12": [
      2212,
      1086,
      891,
      1219,
      2315
    ],
    "Genre_13": [
      1258,
      1997,
      1322,
      2710,
      1321
    ],
    "Genre_14": [
      2721,
      932,
      2340,
      28,
      1835
    ],
    "Genre_15": [
      3066,
      3339,
      3367,
      1927,
      2669
    ],
    "Genre_16": [
      1445,
      2088,
      1081,
      1086,
      455
    ],
    "Genre_17": [
      2583,
      950,
      2467,
      3896,
      3149
    ]
  },
  "51": {
    "Genre_0": [
      2407,
      3793,
      3354,
      260,
      442
    ],
    "Genre_1": [
      1233,
      3578,
      3418,
      2427,
      368
    ],
    "Genre_2": [
      3751,
      1,
      364,
      2987,
      1223
    ],
    "Genre_3": [
      383,
      2478,
      1266,
      266,
      590
    ],
    "Genre_4": [
      2693,
      3142,
      246,
      3865,
      162
    ],
    "Genre_5": [
      1081,
      2088,
      1088,
      1381,
      1288
    ],
    "Genre_6": [
      1179,
      1248,
      1617,
      1284,
      1252
    ],
    "Genre_7": [
      2,
      1259,
      455,
      3461,
      2871
    ],
    "Genre_8": [
      2384,
      317,
      34,
      3564,
      3396
    ],
    "Genre_9": [
      912,
      1299,
      1250,
      3949,
      3448
    ],
    "Genre_10": [
      3629,
      3893,
      1777,
      3507,
      1445
    ],
    "Genre_11": [
      1089,
      50,
      3896,
      2605,
      2769
    ],
    "Genre_12": [
      2212,
      1086,
      891,
      1219,
      2315
    ],
    "Genre_13": [
      1258,
      1997,
      1322,
      2710,
      1321
    ],
    "Genre_14": [
      2721,
      932,
      2340,
      28,
      1835
    ],
    "Genre_15": [
      3066,
      3339,
      3367,
      1927,
      2669
    ],
    "Genre_16": [
      1445,
      2088,
      1081,
      1086,
      455
    ],
    "Genre_17": [
      2583,
      950,
      2467,
      3896,
      3149
    ]
  },
  "52": {
    "Genre_0": [
      2407,
      3793,
      3354,
      260,
      442
    ],
    "Genre_1": [
      1233,
      3578,
      3418,
      2427,
      368
    ],
    "Genre_2": [
      3751,
      1,
      364,
      2987,
      1223
    ],
    "Genre_3": [
      383,
      2478,
      1266,
      266,
      590
    ],
    "Genre_4": [
      2693,
      3142,
      246,
      3865,
      162
    ],
    "Genre_5": [
      1081,
      2088,
      1088,
      1381,
      1288
    ],
    "Genre_6": [
      1179,
      1248,
      1617,
      1284,
      1252
    ],
    "Genre_7": [
      2,
      1259,
      455,
      3461,
      2871
    ],
    "Genre_8": [
      2384,
      317,
      34,
      3564,
      3396
    ],
    "Genre_9": [
      912,
      1299,
      1250,
      3949,
      3448
    ],
    "Genre_10": [
      3629,
      3893,
      1777,
      3507,
      1445
    ],
    "Genre_11": [
      1089,
      50,
      3896,
      2605,
      2769
    ],
    "Genre_12": [
      2212,
      1086,
      891,
      1219,
      2315
    ],
    "Genre_13": [
      1258,
      1997,
      1322,
      2710,
      1321
    ],
    "Genre_14": [
      2721,
      932,
      2340,
      28,
      1835
    ],
    "Genre_15": [
      3066,
      3339,
      3367,
      1927,
      2669
    ],
    "Genre_16": [
      1445,
      2088,
      1081,
      1086,
      455
    ],
    "Genre_17": [
      2583,
      950,
      2467,
      3896,
      3149
    ]
  },
  "53": {
    "Genre_0": [
      2407,
      3793,
      3354,
      260,
      442
    ],
    "Genre_1": [
      1233,
      3578,
      3418,
      2427,
      368
    ],
    "Genre_2": [
      3751,
      1,
      364,
      2987,
      1223
    ],
    "Genre_3": [
      383,
      2478,
      1266,
      266,
      590
    ],
    "Genre_4": [
      2693,
      3142,
      246,
      3865,
      162
    ],
    "Genre_5": [
      1081,
      2088,
      1088,
      1381,
      1288
    ],
    "Genre_6": [
      1179,
      1248,
      1617,
      1284,
      1252
    ],
    "Genre_7": [
      2,
      1259,
      455,
      3461,
      2871
    ],
    "Genre_8": [
      2384,
      317,
      34,
      3564,
      3396
    ],
    "Genre_9": [
      912,
      1299,
      1250,
      3949,
      3448
    ],
    "Genre_10": [
      3629,
      3893,
      1777,
      3507,
      1445
    ],
    "Genre_11": [
      1089,
      50,
      3896,
      2605,
      2769
    ],
    "Genre_12": [
      2212,
      1086,
      891,
      1219,
      2315
    ],
    "Genre_13": [
      1258,
      1997,
      1322,
      2710,
      1321
    ],
    "Genre_14": [
      2721,
      932,
      2340,
      28,
      1835
    ],
    "Genre_15": [
      3066,
      3339,
      3367,
      1927,
      2669
    ],
    "Genre_16": [
      1445,
      2088,
      1081,
      1086,
      455
    ],
    "Genre_17": [
      2583,
      950,
      2467,
      3896,
      3149
    ]
  },
  "54": {
    "Genre_0": [
      2407,
      3793,
      3354,
      260,
      442
    ],
    "Genre_1": [
      1233,
      3578,
      3418,
      2427,
      368
    ],
    "Genre_2": [
      3751,
      1,
      364,
      2987,
      1223
    ],
    "Genre_3": [
      383,
      2478,
      1266,
      266,
      590
    ],
    "Genre_4": [
      2693,
      3142,
      246,
      3865,
      162
    ],
    "Genre_5": [
      1081,
      2088,
      1088,
      1381,
      1288
    ],
    "Genre_6": [
      1179,
      1248,
      1617,
      1284,
      1252
    ],
    "Genre_7": [
      2,
      1259,
      455,
      3461,
      2871
    ],
    "Genre_8": [
      2384,
      317,
      34,
      3564,
      3396
    ],
    "Genre_9": [
      912,
      1299,
      1250,
      3949,
      3448
    ],
    "Genre_10": [
      3629,
      3893,
      1777,
      3507,
      1445
    ],
    "Genre_11": [
      1089,
      50,
      3896,
      2605,
      2769
    ],
    "Genre_12": [
      2212,
      1086,
      891,
      1219,
      2315
    ],
    "Genre_13": [
      1258,
      1997,
      1322,
      2710,
      1321
    ],
    "Genre_14": [
      2721,
      932,
      2340,
      28,
      1835
    ],
    "Genre_15": [
      3066,
      3339,
      3367,
      1927,
      2669
    ],
    "Genre_16": [
      1445,
      2088,
      1081,
      1086,
      455
    ],
    "Genre_17": [
      2583,
      950,
      2467,
      3896,
      3149
    ]
  },
  "55": {
    "Genre_0": [
      2407,
      3793,
      3354,
      260,
      442
    ],
    "Genre_1": [
      1233,
      3578,
      3418,
      2427,
      368
    ],
    "Genre_2": [
      3751,
      1,
      364,
      2987,
      1223
    ],
    "Genre_3": [
      383,
      2478,
      1266,
      266,
      590
    ],
    "Genre_4": [
      2693,
      3142,
      246,
      3865,
      162
    ],
    "Genre_5": [
      1081,
      2088,
      1088,
      1381,
      1288
    ],
    "Genre_6": [
      1179,
      1248,
      1617,
      1284,
      1252
    ],
    "Genre_7": [
      2,
      1259,
      455,
      3461,
      2871
    ],
    "Genre_8": [
      2384,
      317,
      34,
      3564,
      3396
    ],
    "Genre_9": [
      912,
      1299,
      1250,
      3949,
      3448
    ],
    "Genre_10": [
      3629,
      3893,
      1777,
      3507,
      1445
    ],
    "Genre_11": [
      1089,
      50,
      3896,
      2605,
      2769
    ],
    "Genre_12": [
      2212,
      1086,
      891,
      1219,
      2315
    ],
    "Genre_13": [
      1258,
      1997,
      1322,
      2710,
      1321
    ],
    "Genre_14": [
      2721,
      932,
      2340,
      28,
      1835
    ],
    "Genre_15": [
      3066,
      3339,
      3367,
      1927,
      2669
    ],
    "Genre_16": [
      1445,
      2088,
      1081,
      1086,
      455
    ],
    "Genre_17": [
      2583,
      950,
      2467,
      3896,
      3149
    ]
  },
  "56": {
    "Genre_0": [
      2407,
      3793,
      3354,
      260,
      442
    ],
    "Genre_1": [
      1233,
      3578,
      3418,
      2427,
      368
    ],
    "Genre_2": [
      3751,
      1,
      364,
      2987,
      1223
    ],
    "Genre_3": [
      383,
      2478,
      1266,
      266,
      590
    ],
    "Genre_4": [
      2693,
      3142,
      246,
      3865,
      162
    ],
    "Genre_5": [
      1081,
      2088,
      1088,
      1381,
      1288
    ],
    "Genre_6": [
      1179,
      1248,
      1617,
      1284,
      1252
    ],
    "Genre_7": [
      2,
      1259,
      455,
      3461,
      2871
    ],
    "Genre_8": [
      2384,
      317,
      34,
      3564,
      3396
    ],
    "Genre_9": [
      912,
      1299,
      1250,
      3949,
      3448
    ],
    "Genre_10": [
      3629,
      3893,
      1777,
      3507,
      1445
    ],
    "Genre_11": [
      1089,
      50,
      3896,
      2605,
      2769
    ],
    "Genre_12": [
      2212,
      1086,
      891,
      1219,
      2315
    ],
    "Genre_13": [
      1258,
      1997,
      1322,
      2710,
      1321
    ],
    "Genre_14": [
      2721,
      932,
      2340,
      28,
      1835
    ],
    "Genre_15": [
      3066,
      3339,
      3367,
      1927,
      2669
    ],
    "Genre_16": [
      1445,
      2088,
      1081,
      1086,
      455
    ],
    "Genre_17": [
      2583,
      950,
      2467,
      3896,
      3149
    ]
  },
  "57": {
    "Genre_0": [
      2407,
      3793,
      3354,
      260,
      442
    ],
    "Genre_1": [
      1233,
      3578,
      3418,
      2427,
      368
    ],
    "Genre_2": [
      3751,
      1,
      364,
      2987,
      1223
    ],
    "Genre_3": [
      383,
      2478,
      1266,
      266,
      590
    ],
    "Genre_4": [
      2693,
      3142,
      246,
      3865,
      162
    ],
    "Genre_5": [
      1081,
      2088,
      1088,
      1381,
      1288
    ],
    "Genre_6": [
      1179,
      1248,
      1617,
      1284,
      1252
    ],
    "Genre_7": [
      2,
      1259,
      455,
      3461,
      2871
    ],
    "Genre_8": [
      2384,
      317,
      34,
      3564,
      3396
    ],
    "Genre_9": [
      912,
      1299,
      1250,
      3949,
      3448
    ],
    "Genre_10": [
      3629,
      3893,
      1777,
      3507,
      1445
    ],
    "Genre_11": [
      1089,
      50,
      3896,
      2605,
      2769
    ],
    "Genre_12": [
      2212,
      1086,
      891,
      1219,
      2315
    ],
    "Genre_13": [
      1258,
      1997,
      1322,
      2710,
      1321
    ],
    "Genre_14": [
      2721,
      932,
      2340,
      28,
      1835
    ],
    "Genre_15": [
      3066,
      3339,
      3367,
      1927,
      2669
    ],
    "Genre_16": [
      1445,
      2088,
      1081,
      1086,
      455
    ],
    "Genre_17": [
      2583,
      950,
      2467,
      3896,
      3149
    ]
  },
  "58": {
    "Genre_0": [
      2407,
      3793,
      3354,
      260,
      442
    ],
    "Genre_1": [
      1233,
      3578,
      3418,
      2427,
      368
    ],
    "Genre_2": [
      3751,
      1,
      364,
      2987,
      1223
    ],
    "Genre_3": [
      383,
      2478,
      1266,
      266,
      590
    ],
    "Genre_4": [
      2693,
      3142,
      246,
      3865,
      162
    ],
    "Genre_5": [
      1081,
      2088,
      1088,
      1381,
      1288
    ],
    "Genre_6": [
      1179,
      1248,
      1617,
      1284,
      1252
    ],
    "Genre_7": [
      2,
      1259,
      455,
      3461,
      2871
    ],
    "Genre_8": [
      2384,
      317,
      34,
      3564,
      3396
    ],
    "Genre_9": [
      912,
      1299,
      1250,
      3949,
      3448
    ],
    "Genre_10": [
      3629,
      3893,
      1777,
      3507,
      1445
    ],
    "Genre_11": [
      1089,
      50,
      3896,
      2605,
      2769
    ],
    "Genre_12": [
      2212,
      1086,
      891,
      1219,
      2315
    ],
    "Genre_13": [
      1258,
      1997,
      1322,
      2710,
      1321
    ],
    "Genre_14": [
      2721,
      932,
      2340,
      28,
      1835
    ],
    "Genre_15": [
      3066,
      3339,
      3367,
      1927,
      2669
    ],
    "Genre_16": [
      1445,
      2088,
      1081,
      1086,
      455
    ],
    "Genre_17": [
      2583,
      950,
      2467,
      3896,
      3149
    ]
  },
  "59": {
    "Genre_0": [
      2407,
      3793,
      3354,
      260,
      442
    ],
    "Genre_1": [
      1233,
      3578,
      3418,
      2427,
      368
    ],
    "Genre_2": [
      3751,
      1,
      364,
      2987,
      1223
    ],
    "Genre_3": [
      383,
      2478,
      1266,
      266,
      590
    ],
    "Genre_4": [
      2693,
      3142,
      246,
      3865,
      162
    ],
    "Genre_5": [
      1081,
      2088,
      1088,
      1381,
      1288
    ],
    "Genre_6": [
      1179,
      1248,
      1617,
      1284,
      1252
    ],
    "Genre_7": [
      2,
      1259,
      455,
      3461,
      2871
    ],
    "Genre_8": [
      2384,
      317,
      34,
      3564,
      3396
    ],
    "Genre_9": [
      912,
      1299,
      1250,
      3949,
      3448
    ],
    "Genre_10": [
      3629,
      3893,
      1777,
      3507,
      1445
    ],
    "Genre_11": [
      1089,
      50,
      3896,
      2605,
      2769
    ],
    "Genre_12": [
      2212,
      1086,
      891,
      1219,
      2315
    ],
    "Genre_13": [
      1258,
      1997,
      1322,
      2710,
      1321
    ],
    "Genre_14": [
      2721,
      932,
      2340,
      28,
      1835
    ],
    "Genre_15": [
      3066,
      3339,
      3367,
      1927,
      2669
    ],
    "Genre_16": [
      1445,
      2088,
      1081,
      1086,
      455
    ],
    "Genre_17": [
      2583,
      950,
      2467,
      3896,
      3149
    ]
  },
  "60": {
    "Genre_0": [
      2407,
      3793,
      3354,
      260,
      442
    ],
    "Genre_1": [
      1233,
      3578,
      3418,
      2427,
      368
    ],
    "Genre_2": [
      3751,
      1,
      364,
      2987,
      1223
    ],
    "Genre_3": [
      383,
      2478,
      1266,
      266,
      590
    ],
    "Genre_4": [
      2693,
      3142,
      246,
      3865,
      162
    ],
    "Genre_5": [
      1081,
      2088,
      1088,
      1381,
      1288
    ],
    "Genre_6": [
      1179,
      1248,
      1617,
      1284,
      1252
    ],
    "Genre_7": [
      2,
      1259,
      455,
      3461,
      2871
    ],
    "Genre_8": [
      2384,
      317,
      34,
      3564,
      3396
    ],
    "Genre_9": [
      912,
      1299,
      1250,
      3949,
      3448
    ],
    "Genre_10": [
      3629,
      3893,
      1777,
      3507,
      1445
    ],
    "Genre_11": [
      1089,
      50,
      3896,
      2605,
      2769
    ],
    "Genre_12": [
      2212,
      1086,
      891,
      1219,
      2315
    ],
    "Genre_13": [
      1258,
      1997,
      1322,
      2710,
      1321
    ],
    "Genre_14": [
      2721,
      932,
      2340,
      28,
      1835
    ],
    "Genre_15": [
      3066,
      3339,
      3367,
      1927,
      2669
    ],
    "Genre_16": [
      1445,
      2088,
      1081,
      1086,
      455
    ],
    "Genre_17": [
      2583,
      950,
      2467,
      3896,
      3149
    ]
  },
  "61": {
    "Genre_0": [
      2407,
      3793,
      3354,
      260,
      442
    ],
    "Genre_1": [
      1233,
      3578,
      3418,
      2427,
      368
    ],
    "Genre_2": [
      3751,
      1,
      364,
      2987,
      1223
    ],
    "Genre_3": [
      383,
      2478,
      1266,
      266,
      590
    ],
    "Genre_4": [
      2693,
      3142,
      246,
      3865,
      162
    ],
    "Genre_5": [
      1081,
      2088,
      1088,
      1381,
      1288
    ],
    "Genre_6": [
      1179,
      1248,
      1617,
      1284,
      1252
    ],
    "Genre_7": [
      2,
      1259,
      455,
      3461,
      2871
    ],
    "Genre_8": [
      2384,
      317,
      34,
      3564,
      3396
    ],
    "Genre_9": [
      912,
      1299,
      1250,
      3949,
      3448
    ],
    "Genre_10": [
      3629,
      3893,
      1777,
      3507,
      1445
    ],
    "Genre_11": [
      1089,
      50,
      3896,
      2605,
      2769
    ],
    "Genre_12": [
      2212,
      1086,
      891,
      1219,
      2315
    ],
    "Genre_13": [
      1258,
      1997,
      1322,
      2710,
      1321
    ],
    "Genre_14": [
      2721,
      932,
      2340,
      28,
      1835
    ],
    "Genre_15": [
      3066,
      3339,
      3367,
      1927,
      2669
    ],
    "Genre_16": [
      1445,
      2088,
      1081,
      1086,
      455
    ],
    "Genre_17": [
      2583,
      950,
      2467,
      3896,
      3149
    ]
  },
  "62": {
    "Genre_0": [
      2407,
      3793,
      3354,
      260,
      442
    ],
    "Genre_1": [
      1233,
      3578,
      3418,
      2427,
      368
    ],
    "Genre_2": [
      3751,
      1,
      364,
      2987,
      1223
    ],
    "Genre_3": [
      383,
      2478,
      1266,
      266,
      590
    ],
    "Genre_4": [
      2693,
      3142,
      246,
      3865,
      162
    ],
    "Genre_5": [
      1081,
      2088,
      1088,
      1381,
      1288
    ],
    "Genre_6": [
      1179,
      1248,
      1617,
      1284,
      1252
    ],
    "Genre_7": [
      2,
      1259,
      455,
      3461,
      2871
    ],
    "Genre_8": [
      2384,
      317,
      34,
      3564,
      3396
    ],
    "Genre_9": [
      912,
      1299,
      1250,
      3949,
      3448
    ],
    "Genre_10": [
      3629,
      3893,
      1777,
      3507,
      1445
    ],
    "Genre_11": [
      1089,
      50,
      3896,
      2605,
      2769
    ],
    "Genre_12": [
      2212,
      1086,
      891,
      1219,
      2315
    ],
    "Genre_13": [
      1258,
      1997,
      1322,
      2710,
      1321
    ],
    "Genre_14": [
      2721,
      932,
      2340,
      28,
      1835
    ],
    "Genre_15": [
      3066,
      3339,
      3367,
      1927,
      2669
    ],
    "Genre_16": [
      1445,
      2088,
      1081,
      1086,
      455
    ],
    "Genre_17": [
      2583,
      950,
      2467,
      3896,
      3149
    ]
  },
  "63": {
    "Genre_0": [
      2407,
      3793,
      3354,
      260,
      442
    ],
    "Genre_1": [
      1233,
      3578,
      3418,
      2427,
      368
    ],
    "Genre_2": [
      3751,
      1,
      364,
      2987,
      1223
    ],
    "Genre_3": [
      383,
      2478,
      1266,
      266,
      590
    ],
    "Genre_4": [
      2693,
      3142,
      246,
      3865,
      162
    ],
    "Genre_5": [
      1081,
      2088,
      1088,
      1381,
      1288
    ],
    "Genre_6": [
      1179,
      1248,
      1617,
      1284,
      1252
    ],
    "Genre_7": [
      2,
      1259,
      455,
      3461,
      2871
    ],
    "Genre_8": [
      2384,
      317,
      34,
      3564,
      3396
    ],
    "Genre_9": [
      912,
      1299,
      1250,
      3949,
      3448
    ],
    "Genre_10": [
      3629,
      3893,
      1777,
      3507,
      1445
    ],
    "Genre_11": [
      1089,
      50,
      3896,
      2605,
      2769
    ],
    "Genre_12": [
      2212,
      1086,
      891,
      1219,
      2315
    ],
    "Genre_13": [
      1258,
      1997,
      1322,
      2710,
      1321
    ],
    "Genre_14": [
      2721,
      932,
      2340,
      28,
      1835
    ],
    "Genre_15": [
      3066,
      3339,
      3367,
      1927,
      2669
    ],
    "Genre_16": [
      1445,
      2088,
      1081,
      1086,
      455
    ],
    "Genre_17": [
      2583,
      950,
      2467,
      3896,
      3149
    ]
  }
}